timestamp,sensor_1,sensor_2,sensor_3,sensor_4
2024-01-01 00:00:00,52.483570765056164,34.198066309758005,65.27375207517933,80.9219244212261
2024-01-01 00:01:00,49.308678494144075,32.77390104873831,68.98836930499138,91.39614989220499
2024-01-01 00:02:00,53.23844269050346,30.17889110976052,64.45306055300027,95.86394466578356
2024-01-01 00:03:00,57.61514928204013,28.059189666883277,67.84426929252672,118.8768765734019
2024-01-01 00:04:00,48.82923312638332,32.09466994084077,56.7446973313235,105.56553124533758
2024-01-01 00:05:00,48.8293152152541,31.180456156265247,71.49305595161057,86.64518430900108
2024-01-01 00:06:00,57.896064077536955,32.6855796600832,70.00843832753557,104.86036289417638
2024-01-01 00:07:00,53.837173645764544,31.905515405045907,64.28037958252267,84.52696011061634
2024-01-01 00:08:00,47.65262807032524,33.148658145958,74.61471967902683,110.82691053887073
2024-01-01 00:09:00,52.712800217929825,28.394294365318295,76.56299096338591,95.28875348182122
2024-01-01 00:10:00,47.68291153593769,33.952182196902974,58.74708094941718,99.06363811260829
2024-01-01 00:11:00,68.78252941530134,30.5927988140772,40.989035658939194,113.2579664754219
2024-01-01 00:12:00,51.20981135783017,36.225782617875794,64.61600355148892,87.1283643141575
2024-01-01 00:13:00,40.43359877671101,27.932436545731296,63.420678292237945,86.02881814887009
2024-01-01 00:14:00,41.375410837434835,35.207891409495744,75.80632389352223,94.16400673653995
2024-01-01 00:15:00,47.188562353795135,30.593732350387942,68.64321702859037,110.38378851019317
2024-01-01 00:16:00,44.93584439832788,28.045745989156654,68.14839611082573,84.80653924523158
2024-01-01 00:17:00,51.57123666297637,28.548342497837034,55.97296344915273,71.67844401889431
2024-01-01 00:18:00,45.45987962239394,29.03895807541704,74.44792621146459,95.48841141591001
2024-01-01 00:19:00,42.93848149332354,31.272497839205748,61.32519123602569,105.51740799910921
2024-01-01 00:20:00,57.32824384460777,31.5685064641065,70.41952841186429,112.00261749738829
2024-01-01 00:21:00,48.87111849756732,28.278899988184264,71.94163856570734,95.36838637914602
2024-01-01 00:22:00,61.72592423909069,29.92693622321705,45.64417376897024,95.88573392883998
2024-01-01 00:23:00,42.87625906893272,36.42681107583559,60.83825720616622,111.53900734255747
2024-01-01 00:24:00,47.27808637737409,35.182629510302135,48.863414909254224,81.3025830030458
2024-01-01 00:25:00,50.554612948549334,31.308971009022095,71.28694681327586,96.1147922481699
2024-01-01 00:26:00,44.24503211288849,30.1140104345046,82.60357827057598,101.90423889925057
2024-01-01 00:27:00,51.87849009172836,30.360093980154783,78.67262447057607,104.49218721285034
2024-01-01 00:28:00,46.99680655040598,31.84055391819125,71.46761590692238,94.90193306809117
2024-01-01 00:29:00,48.54153125103362,26.931622304404783,66.55854670057568,100.34441011705842
2024-01-01 00:30:00,46.991466938853016,29.227870387729965,75.64985817646118,75.1167264658701
2024-01-01 00:31:00,59.26139092254469,24.99424777836723,63.18517660206872,93.41751587666151
2024-01-01 00:32:00,49.93251387631033,31.197669367815838,73.33450438549353,104.53508712554468
2024-01-01 00:33:00,59.916564137548264,31.94158781910822,41.664370619315235,90.1770596574532
2024-01-01 00:34:00,54.11272456051594,28.550440613101877,77.42146935249215,100.58984221589597
2024-01-01 00:35:00,43.89578175014489,34.7219602898701,89.31762027237754,104.46872500802698
2024-01-01 00:36:00,51.04431797502378,26.322703010992974,72.74691177025137,96.57450799142235
2024-01-01 00:37:00,40.201649380601125,25.60687535937054,66.43725462004751,101.70463770996571
2024-01-01 00:38:00,43.359069755507846,30.673355455679918,69.82097981465604,90.37267434715388
2024-01-01 00:39:00,50.984306179345616,33.14129490783646,57.61646866577617,97.93388720303953
2024-01-01 00:40:00,53.69233289997705,35.0517830743736,65.1370080823766,106.10216169589222
2024-01-01 00:41:00,50.85684140594985,28.62334721139318,67.13502293320828,101.56972960968434
2024-01-01 00:42:00,49.4217585880588,33.236042500293884,66.33138121445785,94.13468730436064
2024-01-01 00:43:00,48.494481522053555,29.884474591497877,71.06648410423605,102.24216404290793
2024-01-01 00:44:00,42.60739004816286,29.48211810017754,64.24306047332459,107.14609790636618
2024-01-01 00:45:00,46.40077895802646,32.650979812460015,77.8472146712713,79.50058721422522
2024-01-01 00:46:00,47.696806145201066,31.95696863524026,70.00144945442737,111.59074064955898
2024-01-01 00:47:00,55.285611131094576,25.270823529047252,69.9348977520297,96.63745261318928
2024-01-01 00:48:00,51.718091447842305,34.42962104917768,67.70473698440958,104.2548993324023
2024-01-01 00:49:00,41.18479922318633,34.14027406244236,71.08633478701286,111.97246923645228
2024-01-01 00:50:00,51.620419846973974,28.12331189547141,75.77568785267344,86.28326302769534
2024-01-01 00:51:00,48.07458859791842,31.187410600312226,63.9300884900237,92.90558997572454
2024-01-01 00:52:00,46.61538999847021,31.482090558848217,65.3931845764732,97.11451304124296
2024-01-01 00:53:00,53.058381444204336,30.782021297471722,67.87391779856335,92.16246478875571
2024-01-01 00:54:00,55.154997612479754,28.34908453846374,60.578903535687495,117.34936575836808
2024-01-01 00:55:00,54.65640059558099,27.985129896185846,64.26519498194952,91.43227906173207
2024-01-01 00:56:00,45.80391238388681,29.923337787025662,66.66645388518738,94.44453220513134
2024-01-01 00:57:00,48.45393812074393,33.51818705777809,76.1207242649891,102.04389031602977
2024-01-01 00:58:00,51.65631715701782,31.630800463783295,71.83792930301348,87.97850473923911
2024-01-01 00:59:00,78.48158605980288,28.888157003741682,46.89715334394673,96.04319288243737
2024-01-01 01:00:00,47.60412881077355,32.31509613194503,75.95628573517581,103.17453261250175
2024-01-01 01:01:00,49.07170511668092,21.454372138109775,69.03839748120423,96.67139595617489
2024-01-01 01:02:00,44.468325129969855,33.44629710111631,72.73325394950223,99.06613141100051
2024-01-01 01:03:00,44.01896687959665,24.7808586636657,69.27744772947253,94.70667887551629
2024-01-01 01:04:00,54.06262911197099,28.912677175790602,71.8575364457974,84.85529690819233
2024-01-01 01:05:00,56.78120014285412,26.640990316121567,65.92068939671893,103.21593211339238
2024-01-01 01:06:00,49.63994939209833,26.115955572837283,52.92827989206499,117.54933071647241
2024-01-01 01:07:00,55.01766448946012,33.48248036213556,69.06004586469587,100.18401630783438
2024-01-01 01:08:00,51.808180125238174,28.596896396064327,79.95923695269958,102.25264117247549
2024-01-01 01:09:00,46.774401226974376,31.039511645192146,76.48350781569114,106.9272275511686
2024-01-01 01:10:00,51.80697802754207,29.85923826336245,76.7577823921382,87.306695034533
2024-01-01 01:11:00,57.690182832329846,31.431122481669366,78.65291505264352,117.02514658129606
2024-01-01 01:12:00,49.82086980445024,30.230465673180767,70.62060313673007,102.02328796422802
2024-01-01 01:13:00,57.82321827907003,26.15102332743429,71.38120995183917,116.3185689908911
2024-01-01 01:14:00,36.901274479551276,32.98880045834142,65.67643673195956,92.66967004476011
2024-01-01 01:15:00,54.10951252187612,28.51873025051606,67.78749000781065,118.18061922557825
2024-01-01 01:16:00,50.435235341190854,25.330254304020748,74.31039804839799,107.75155494034783
2024-01-01 01:17:00,48.50496324767066,28.715654517102262,78.42719106018171,105.53040085852358
2024-01-01 01:18:00,50.458803882677515,34.50227937190293,69.023876070233,102.34024454353148
2024-01-01 01:19:00,40.06215542699554,32.55066522634048,66.84867514604012,97.5147138192555
2024-01-01 01:20:00,48.90164056081244,28.954043596776422,70.00369571199619,112.00531658473872
2024-01-01 01:21:00,51.78556285755873,28.952226887044713,74.20844724250381,101.40359869848047
2024-01-01 01:22:00,74.07493686230826,29.035094846347853,37.7564244878617,80.32930296412847
2024-01-01 01:23:00,47.40864890863176,36.23024395068252,53.92673332803933,88.82813538292997
2024-01-01 01:24:00,45.95753198553406,31.14580635669466,66.14624205355892,98.14154247807252
2024-01-01 01:25:00,47.491214782077314,31.290124941573207,61.45501301860089,103.09998983165555
2024-01-01 01:26:00,54.57701058851037,33.09085036209552,66.44301861646882,99.43411511100105
2024-01-01 01:27:00,51.64375554829842,30.71636747707954,68.9655377682777,112.18970789793663
2024-01-01 01:28:00,47.351198981164806,29.22287356253789,66.8272611368389,80.48898135961375
2024-01-01 01:29:00,52.56633716556678,29.410950452745066,80.16727274129522,101.4358793650516
2024-01-01 01:30:00,50.4853877467402,29.785196221757808,72.28721335221624,81.82020774612846
2024-01-01 01:31:00,54.84322495266444,29.888333290470474,72.1033205172758,107.59712295484168
2024-01-01 01:32:00,46.48973453061324,32.18288863091094,74.35545000830382,99.05541285557997
2024-01-01 01:33:00,48.36168926701116,30.1558376574219,62.02816817553462,104.19609972024118
2024-01-01 01:34:00,48.03945923433921,32.19792023164674,77.27378251194187,91.36117039410234
2024-01-01 01:35:00,42.68242525933941,29.757850259674253,69.46964999425178,112.7946493165775
2024-01-01 01:36:00,51.48060138532288,30.235905570948272,74.69336432068849,110.41724664058852
2024-01-01 01:37:00,51.30527636089945,24.005397946403676,62.49699936871891,105.83544303011888
2024-01-01 01:38:00,50.025567283212304,32.748983024107446,59.123688637887554,98.7048275313656
2024-01-01 01:39:00,48.82706433312426,31.03946542769398,75.7252276061752,105.79857285295132
2024-01-01 01:40:00,42.923146289747926,32.994030329578955,72.63486668268261,92.93107432012651
2024-01-01 01:41:00,47.89677338617321,21.311233865418934,63.685639119497424,108.55555659020712
2024-01-01 01:42:00,48.286427417366156,36.265124114342186,63.91235843107714,116.4948089432392
2024-01-01 01:43:00,73.23788125275865,29.58123111553448,48.2456341153773,110.70610559979187
2024-01-01 01:44:00,49.19357144166995,33.324548450212546,61.67411674992871,92.70397530192591
2024-01-01 01:45:00,52.02025428407269,26.880282218623407,81.49871067279174,103.61417317273103
2024-01-01 01:46:00,59.43092950605265,31.83832171518771,63.695654857464916,87.06858456241352
2024-01-01 01:47:00,50.872889064159196,26.839753310479033,74.46874347925868,105.72390311175675
2024-01-01 01:48:00,51.28775195361382,28.128693117912583,67.69967066975711,104.50603412862539
2024-01-01 01:49:00,49.62777042116917,35.742094061600355,74.2223120175764,81.30183660467836
2024-01-01 01:50:00,40.40614392350479,29.42795279770996,66.19120198520065,88.38216156087637
2024-01-01 01:51:00,49.867430622753915,30.65229861953917,68.86044965749394,97.16861103256232
2024-01-01 01:52:00,71.46550758840638,32.610203192066265,38.55952798963144,96.99140252859173
2024-01-01 01:53:00,62.316210562426434,31.487045663917815,62.98468780952969,87.90523064581194
2024-01-01 01:54:00,49.03819517609439,30.45125671543073,75.18577041794089,103.88978729352183
2024-01-01 01:55:00,51.50773671166806,31.094883007398675,66.4075050346989,102.51473608940512
2024-01-01 01:56:00,49.82644115147378,37.21024675571483,68.39980059261987,98.0573086802148
2024-01-01 01:57:00,44.15660981190234,29.827143608899245,63.039554377740416,92.44208499841638
2024-01-01 01:58:00,55.7141140725751,30.603297140144903,52.06366438843283,110.48707126416564
2024-01-01 01:59:00,53.75966516343387,33.15196318802283,68.66280566179881,116.55407113088296
2024-01-01 02:00:00,53.95515973521523,33.31657779887395,86.88830795129041,95.16438516153463
2024-01-01 02:01:00,45.4530627260263,33.56109091668114,75.49223001528617,93.8783308284518
2024-01-01 02:02:00,57.013971554680495,31.916190666087555,69.86517734185924,104.91207665411996
2024-01-01 02:03:00,42.990744686038596,26.57098526180855,68.15976419554212,96.41970620253014
2024-01-01 02:04:00,52.93428546900135,34.90029459690329,70.15726124968432,98.60602799336766
2024-01-01 02:05:00,60.952278129049894,26.560963820943936,73.82983380622647,107.39653151724671
2024-01-01 02:06:00,45.04731837434656,30.9079063957171,61.73431029283809,80.90643912492708
2024-01-01 02:07:00,47.16851135198614,27.737172449941927,77.8002518626821,113.1830232485267
2024-01-01 02:08:00,50.498256825438204,29.80758496022102,75.00766920808871,100.72680524329341
2024-01-01 02:09:00,47.482621729419,30.986287230910442,75.02730007995554,95.8850685543782
2024-01-01 02:10:00,42.24668284466934,30.96407164635082,73.06933017166808,99.1076584577855
2024-01-01 02:11:00,50.34281487403014,31.265762262705856,70.13731660385793,99.62429355020518
2024-01-01 02:12:00,44.688481431369475,34.84113380717594,74.71002865176774,82.68798696555075
2024-01-01 02:13:00,52.36796215317591,31.36060290454194,74.14269893618965,114.94938227453235
2024-01-01 02:14:00,45.402878828830985,29.267530094128055,67.52171502341284,100.41325632270619
2024-01-01 02:15:00,57.7496720250877,32.892261504865075,65.98478758972169,104.43002130447375
2024-01-01 02:16:00,46.08373353831882,33.568411466773924,70.7129940668339,109.51549770574043
2024-01-01 02:17:00,48.38969241897162,26.31717655458902,80.84314106046631,89.788375424397
2024-01-01 02:18:00,54.06758608684835,31.792200209549573,61.32625047042269,104.73471899035229
2024-01-01 02:19:00,43.84567841783022,32.10351822693269,59.72732313973292,97.32358909101207
2024-01-01 02:20:00,51.13729967302065,29.107309489920024,71.15332588865562,108.46770775216494
2024-01-01 02:21:00,56.53571377141214,34.127120439934856,70.35621391299213,78.72772579648505
2024-01-01 02:22:00,41.96258382719386,29.54983323890242,71.21339165059285,99.00905699758731
2024-01-01 02:23:00,50.92316929266152,30.376729360414625,71.7076723853595,93.97179344216039
2024-01-01 02:24:00,51.29941397124212,29.48078452714839,68.43758421755636,104.32262950634156
2024-01-01 02:25:00,53.909114358886555,30.0467371427444,80.42904407021457,104.70044187368202
2024-01-01 02:26:00,43.81524644560959,26.711174739314394,58.79367215066439,92.92374105177974
2024-01-01 02:27:00,43.39771693457862,25.679847352217116,64.20052082653828,92.87826135823957
2024-01-01 02:28:00,52.60970782808449,34.783515189674915,69.27721667895666,98.89334631442671
2024-01-01 02:29:00,51.48492336616593,27.459115955045018,58.49767832192083,91.03357772684792
2024-01-01 02:30:00,51.252464251729386,27.025822951631078,68.7690191689755,108.41983695452127
2024-01-01 02:31:00,51.73224104748488,23.539829659188854,81.63029116009614,96.30792799552555
2024-01-01 02:32:00,46.59987639210755,28.083114756931494,70.14620541807173,70.93011780678358
2024-01-01 02:33:00,51.16126848580502,26.030730619777504,71.61490634003079,96.25177943378193
2024-01-01 02:34:00,51.46536236649341,34.92604548040911,61.17884664379194,89.61456179156028
2024-01-01 02:35:00,46.42824290986816,33.029451268027906,65.68547014372366,83.68724184539055
2024-01-01 02:36:00,59.328872555723784,27.93554896446683,67.37362533773243,87.62573361777427
2024-01-01 02:37:00,52.36916460455894,36.75730741603293,67.77599432270637,101.0940847183297
2024-01-01 02:38:00,44.04348251398676,32.94529646097478,78.97150656502637,113.28640828248231
2024-01-01 02:39:00,77.54015423094765,29.025505849474133,51.95774715050523,103.1318447386498
2024-01-01 02:40:00,45.126591648863396,22.501782855379282,62.21979430144078,93.9349661178426
2024-01-01 02:41:00,53.93542301871226,36.872827717772225,71.72553344902403,104.55904195170703
2024-01-01 02:42:00,55.79297789503702,25.831282599709212,73.4875522394775,95.40909689781009
2024-01-01 02:43:00,45.89658840824145,25.063803759129325,77.98104326964886,93.05399630836855
2024-01-01 02:44:00,54.816880646221605,33.06771129602892,81.06378480597861,88.45637331767016
2024-01-01 02:45:00,52.063904634682494,37.31925721901782,62.89434065720492,82.48171193248281
2024-01-01 02:46:00,54.11030079997245,34.15281845553155,64.32399742152764,96.10076293440555
2024-01-01 02:47:00,59.48396491326974,31.691727360157078,61.196954987597685,101.58053489920133
2024-01-01 02:48:00,48.77305941998565,31.78426302499586,68.36186098625113,99.0337632998511
2024-01-01 02:49:00,46.23131917821255,32.560246676340924,73.26450862112434,95.84033072052641
2024-01-01 02:50:00,45.55242785187238,32.276785769360295,76.9113416161237,90.54253939303219
2024-01-01 02:51:00,45.92094857517281,30.84357427190813,69.46834283450234,106.08246191684968
2024-01-01 02:52:00,49.61449145292948,30.31260331185563,67.76106733721609,86.82868080053416
2024-01-01 02:53:00,51.70575987408322,29.81222061630143,71.06230594574119,107.76027913843475
2024-01-01 02:54:00,51.3834539966501,27.73810623339997,64.15399968858983,89.97782981073276
2024-01-01 02:55:00,54.13591624518012,29.15797476939968,84.62677105186341,92.47564762646965
2024-01-01 02:56:00,50.065009459389536,24.921129557413842,58.74637281017359,85.33214809384323
2024-01-01 02:57:00,57.26767038578659,29.704981119615752,71.29318405227008,94.98597853114363
2024-01-01 02:58:00,48.67671583381022,27.03422667854725,84.16524353460747,109.75312458477978
2024-01-01 02:59:00,63.600845832948096,26.689232048352686,70.04759891191999,105.15628088443957
2024-01-01 03:00:00,53.128336738825034,30.539682453460436,68.66972675498954,109.78422112028035
2024-01-01 03:01:00,45.714212217918586,34.1760068590338,67.49788204032701,105.22142545933936
2024-01-01 03:02:00,44.645537509694435,32.75494981800694,68.73725822766315,88.96330171469631
2024-01-01 03:03:00,52.41236207621593,25.28849818913047,79.60993932273571,96.69210775672443
2024-01-01 03:04:00,48.88268607337075,27.031115590288987,54.51696662069345,92.19800870882537
2024-01-01 03:05:00,53.57000247046046,32.82231356396465,80.73403590907428,113.3057490403904
2024-01-01 03:06:00,52.366188122867726,27.052537819385073,60.032299932848986,88.03211353573688
2024-01-01 03:07:00,49.63585543671564,29.326100550008928,68.1334336953591,108.93697689389111
2024-01-01 03:08:00,45.76603140965798,31.650156297073657,66.99528905790936,108.9295387010877
2024-01-01 03:09:00,42.42576387657068,27.094966635409094,74.11987288839504,118.29620201716088
2024-01-01 03:10:00,47.767425239664895,30.31612651843788,58.81312953681377,95.90313407370503
2024-01-01 03:11:00,54.28199397161736,25.997923515245386,73.2352086625736,107.12322159580162
2024-01-01 03:12:00,51.07046872065102,28.19589706814636,84.17016736300796,122.81651836538842
2024-01-01 03:13:00,43.77130610644006,30.95934580242761,60.45778196785032,93.82358323066303
2024-01-01 03:14:00,50.86590462925591,25.22101879940499,71.32794317327277,84.64959752467641
2024-01-01 03:15:00,51.92658689864418,31.321424213881198,65.36612475542374,81.19989966092237
2024-01-01 03:16:00,45.580712818994336,29.941086603219958,72.98121044335124,107.12712028861331
2024-01-01 03:17:00,50.768625529727636,31.657469863251443,70.13403444191026,81.16849791941416
2024-01-01 03:18:00,50.29104359223,30.671742402193985,65.50959163668983,96.27680947062078
2024-01-01 03:19:00,44.28514851084688,34.09242128992153,73.41510599409752,104.37313187038961
2024-01-01 03:20:00,51.788936801741414,30.375673507943723,82.6304367685072,101.85175536829914
2024-01-01 03:21:00,52.803922631841175,28.71178337662424,68.66367345790891,104.25444864184172
2024-01-01 03:22:00,55.41525621587638,30.36689250909685,75.03830559503727,102.22289855800854
2024-01-01 03:23:00,55.26901026017451,31.629894087109165,60.94708929490186,112.78865813313394
2024-01-01 03:24:00,43.111653160214544,30.146580210977113,63.30494536227394,90.47683619261203
2024-01-01 03:25:00,45.310874800424386,30.121775073611648,73.30684394516264,93.23004861541469
2024-01-01 03:26:00,52.5751763360433,27.894024936579733,80.38881219975175,92.27340554729176
2024-01-01 03:27:00,52.56892975456105,28.011297247347155,72.48929344149963,108.3019181186261
2024-01-01 03:28:00,52.57523843153024,25.79218418460092,67.80859378633792,109.00398588395063
2024-01-01 03:29:00,69.26365745327361,35.24873022956082,69.99503983796347,104.51225319318507
2024-01-01 03:30:00,52.85445255346583,26.268410293826143,61.24714586221198,111.83493666889927
2024-01-01 03:31:00,55.677828200902994,27.92128440661228,74.23160728448757,88.2195913262362
2024-01-01 03:32:00,54.770008817466014,27.844778203292407,76.17633143626387,116.67224111551137
2024-01-01 03:33:00,53.25695625652899,32.68477313083332,66.83536767016844,115.23238621712258
2024-01-01 03:34:00,48.423653776798275,29.115150965123917,66.70970496568349,107.35621997245747
2024-01-01 03:35:00,53.79484610246634,33.7432262180212,71.86114760756433,117.8179890877106
2024-01-01 03:36:00,46.13587392731214,27.979528127268395,66.94296184771584,83.43376792322226
2024-01-01 03:37:00,48.815906966299956,30.836982486671406,69.53707169761924,94.75551863737348
2024-01-01 03:38:00,47.57318226085448,27.493958840220728,84.6980525241656,92.64696539318048
2024-01-01 03:39:00,50.40937069693161,36.43544738332017,68.27082009477802,107.21479323757343
2024-01-01 03:40:00,61.573292833367546,26.43720474291146,67.49161893585145,89.49859260397855
2024-01-01 03:41:00,40.66367403704126,30.92946213068108,65.46720736055389,107.57495149337485
2024-01-01 03:42:00,53.431300951872565,31.901330642796296,75.20934380049955,113.70536143996713
2024-01-01 03:43:00,41.93642064405174,31.241397292354495,68.73143078747327,106.95202900084
2024-01-01 03:44:00,47.64034067105283,29.444137023366874,65.45438873175002,102.83751023661502
2024-01-01 03:45:00,55.44475298483683,29.61053790079972,79.24912822591108,90.1212665909925
2024-01-01 03:46:00,50.321400095477316,30.131434415937328,79.93722103159546,91.53149033874635
2024-01-01 03:47:00,44.61127611035347,29.558993995114534,65.79703503982907,112.49618905296667
2024-01-01 03:48:00,46.42348145370016,32.89163735038473,56.93422034047569,107.79349003905332
2024-01-01 03:49:00,53.39798874467338,36.63156900477405,77.05259582885846,99.60980480622456
2024-01-01 03:50:00,46.34816684141432,28.3275246449765,65.20759121967997,95.8209045423411
2024-01-01 03:51:00,51.08229294790988,25.890591061262768,75.53437919413938,79.74192126888623
2024-01-01 03:52:00,78.37255032773695,29.735153854946237,34.87559874344892,89.29147581315561
2024-01-01 03:53:00,46.74199826197091,37.73912801296296,76.24818136809516,119.11419087139723
2024-01-01 03:54:00,60.719720446626624,27.588976296090806,61.52179649503453,87.19544428997533
2024-01-01 03:55:00,53.169595111590056,34.917350416332205,75.11534883346567,101.8947982122108
2024-01-01 03:56:00,39.874287066711965,35.03310244222932,70.09991147485503,110.07443973195198
2024-01-01 03:57:00,50.93227157384714,28.339235274876017,63.32242406422348,87.45077331997707
2024-01-01 03:58:00,46.69106767615806,31.706949237555826,67.15074580951254,101.84710474781083
2024-01-01 03:59:00,54.26216667398112,34.88518986938561,74.8042291986969,109.37915537510655
2024-01-01 04:00:00,46.037396307836495,28.862616777037537,70.74126117180664,100.12499321907251
2024-01-01 04:01:00,49.42631779266551,29.389258919692914,74.0908908633074,128.6840305566677
2024-01-01 04:02:00,52.524936394902284,28.254957258154068,83.8350840916084,83.31400741121804
2024-01-01 04:03:00,70.11176822856542,26.9557298079214,33.93805665663434,110.5872852988388
2024-01-01 04:04:00,43.99851796472112,28.052167364801978,81.32048802478036,98.27198262603535
2024-01-01 04:05:00,48.327493820795254,26.32817919971323,70.7304915626625,107.71920154836675
2024-01-01 04:06:00,47.625273444195216,30.102250404777678,63.7085116617381,104.41307151699246
2024-01-01 04:07:00,46.73335383713144,27.690080306824076,60.68780461982707,92.66843802890003
2024-01-01 04:08:00,58.82727120140548,30.701357735372245,68.67615726456077,102.28996392459341
2024-01-01 04:09:00,52.024908554804774,25.33231306138912,76.45155078347122,81.42098548601713
2024-01-01 04:10:00,43.69558022832477,30.99264069664337,69.10715615735727,106.03247500571393
2024-01-01 04:11:00,54.58930973527388,32.500586884826774,80.57808451173143,102.98158465990525
2024-01-01 04:12:00,79.3402637148854,24.018793072285632,31.483279250532796,106.38660168643102
2024-01-01 04:13:00,55.16232630275574,31.122169709542717,69.91537736507762,110.5811832508715
2024-01-01 04:14:00,42.403150170229935,33.68300697741988,61.23324588910817,103.67619840209711
2024-01-01 04:15:00,47.57882963566874,26.371076943926383,72.54542317837478,101.48089419798276
2024-01-01 04:16:00,56.334555745933116,35.01771716051311,76.2082117306811,91.18931663338708
2024-01-01 04:17:00,46.461652671906094,31.257057028098135,67.05466744423262,92.87779236350949
2024-01-01 04:18:00,52.219097140731144,27.88496443272477,51.77050300361006,111.86734620177332
2024-01-01 04:19:00,53.87317026714668,29.83269276702688,71.39263702757546,114.36335405705978
2024-01-01 04:20:00,45.36534764210958,31.674980737565168,73.05716986213457,97.61889563687946
2024-01-01 04:21:00,49.702373219691,30.228016174237233,72.83006328473188,100.46002747253274
2024-01-01 04:22:00,52.572258600771974,31.616267977339106,58.02909327025434,90.95385625006234
2024-01-01 04:23:00,44.87806179332855,27.2379792207619,62.50262424245666,111.72756845267445
2024-01-01 04:24:00,48.7371592430342,30.508082472108235,74.76151273815314,106.65416823691778
2024-01-01 04:25:00,43.76108409017575,25.75885650928506,78.34755258734583,119.4121743646375
2024-01-01 04:26:00,58.16205651965818,29.6663218159539,57.54988691195438,91.21676922820261
2024-01-01 04:27:00,42.84929311019684,27.28827707560563,72.23756278143284,96.21992100981782
2024-01-01 04:28:00,47.79977756651508,27.7934101722307,66.4707411829463,102.31445922525572
2024-01-01 04:29:00,50.65370288643046,33.70827952563131,69.42934128828848,106.4648953772577
2024-01-01 04:30:00,57.20636644533058,33.27393036178281,72.43373538476835,97.84332362452368
2024-01-01 04:31:00,42.8206892441028,31.82741436272153,66.58940005120513,91.270389095463
2024-01-01 04:32:00,55.815818760774796,26.723061705982264,65.27004344586872,108.81407528923572
2024-01-01 04:33:00,50.05116530509793,29.050774650915596,70.23906692241617,107.21135362545581
2024-01-01 04:34:00,45.09245674476024,33.63929309993755,62.389278427960384,90.83725899436276
2024-01-01 04:35:00,52.31051737131635,30.425150740919715,62.3992240978037,113.55442801105495
2024-01-01 04:36:00,50.99529847786735,36.957988619945084,74.75561298069552,111.70198709196603
2024-01-01 04:37:00,46.99891561420603,31.179953518183115,61.9584417538894,101.34296497247793
2024-01-01 04:38:00,50.349010424950094,30.576147349470094,74.66418750636448,100.79597862376036
2024-01-01 04:39:00,48.073432015691196,29.072650607392497,73.23813904997766,105.54057771115907
2024-01-01 04:40:00,50.56758672625624,30.40062271434685,57.919352898465824,91.38296929743741
2024-01-01 04:41:00,53.31065337260523,29.54259049085837,65.25704743365041,100.30031479164082
2024-01-01 04:42:00,57.93008408072676,32.124326030065774,78.3587658213316,78.4761645539082
2024-01-01 04:43:00,43.810922505865754,32.87010695038375,63.13184128202223,108.76455645502935
2024-01-01 04:44:00,60.665166873281336,27.642031618476153,66.7491701638343,84.3850677755814
2024-01-01 04:45:00,40.23956100238749,26.006301139326666,73.23442625276327,115.03419828428999
2024-01-01 04:46:00,49.24107452482208,24.49138388069011,75.48373356497817,96.6987990603355
2024-01-01 04:47:00,52.94158603242288,31.52397398073763,68.23922779768853,97.88333018068823
2024-01-01 04:48:00,51.40495933867516,26.68990018147838,65.81742863715851,93.72266093915495
2024-01-01 04:49:00,46.88650240089703,23.54132822114255,79.95658903188955,97.11961126077924
2024-01-01 04:50:00,48.95938874821363,31.165735813592892,82.17229764658305,114.18531345148037
2024-01-01 04:51:00,69.13295857568086,37.47899855229837,40.482301162086564,75.1219134346492
2024-01-01 04:52:00,47.053176215278945,29.98178726538032,70.59722699795518,112.76965386088187
2024-01-01 04:53:00,54.24801048510513,32.51547232335493,64.34213994851352,103.38023481101708
2024-01-01 04:54:00,51.785077429825236,30.245488075642694,64.18688915410404,87.92978352142785
2024-01-01 04:55:00,46.53545202369673,29.703331040426573,73.65759873686031,89.24687606950762
2024-01-01 04:56:00,54.49799937716625,32.75722944896331,72.92878754622079,116.76393027208204
2024-01-01 04:57:00,51.536497604383044,29.129176367434045,79.81119015062501,90.54493120057269
2024-01-01 04:58:00,54.0643105941948,30.80217694221571,74.55315064775297,88.46649489404041
2024-01-01 04:59:00,53.14814420961806,30.96509341858804,59.478437887681274,111.37314542364729
2024-01-01 05:00:00,45.85502494538964,27.995728639070855,77.36363332406043,103.38552876285914
2024-01-01 05:01:00,47.19909479901515,32.97612704860957,63.01357560879911,90.620744234636
2024-01-01 05:02:00,53.73646802561631,29.475120729913773,67.31220109633354,102.16624975404619
2024-01-01 05:03:00,53.05185132716733,27.732764521521467,71.75140144376186,89.74247316359723
2024-01-01 05:04:00,49.89549203017926,31.60952953071121,83.96967242848775,111.00821398422605
2024-01-01 05:05:00,50.58663691654391,27.304596054626888,91.76942989203752,110.61370964873133
2024-01-01 05:06:00,56.388324478942124,30.084543472107384,74.24706141395328,105.32006198821944
2024-01-01 05:07:00,47.04214305582085,29.97264301006739,68.71762366895729,103.61661061247017
2024-01-01 05:08:00,52.73548690585019,33.257686697494734,73.74153953936386,117.61188124867374
2024-01-01 05:09:00,48.98903673783053,31.42409469863986,76.21358798111686,99.99686327388225
2024-01-01 05:10:00,48.911593983863895,29.924919123764568,67.75532662109966,88.181258745792
2024-01-01 05:11:00,55.49388425993595,32.45329889760086,82.56647949138626,104.49473912832306
2024-01-01 05:12:00,54.12708174494015,34.17062264705194,71.61049531433981,120.86047049537115
2024-01-01 05:13:00,54.06754818000319,31.673430919055587,73.48420162363976,89.85240506814148
2024-01-01 05:14:00,56.52739403577164,30.03105785953014,74.66146976438122,96.38537233306015
2024-01-01 05:15:00,50.105019208163796,26.06449130294952,72.9511062743012,104.16446038101452
2024-01-01 05:16:00,53.40976485647482,26.804659010773882,75.87258350328729,99.4609515099426
2024-01-01 05:17:00,48.44866621703272,29.084325886935996,65.67922769417154,90.17696419622686
2024-01-01 05:18:00,51.62083176244221,28.17146339352215,66.09188772237779,111.21857856230471
2024-01-01 05:19:00,49.34928472816158,29.439086091043663,62.298920369198136,123.2004072201726
2024-01-01 05:20:00,50.48497982496359,30.16994977469132,73.07650861434159,101.96131459023907
2024-01-01 05:21:00,52.975785127184565,31.589078263070192,75.4525555245848,90.95931710264
2024-01-01 05:22:00,45.908896583832636,29.788503665822727,73.20441006306321,84.51039474946525
2024-01-01 05:23:00,60.4619363784273,31.459504931478605,81.72144703343275,102.5797598122118
2024-01-01 05:24:00,44.96991309250149,30.19342324443036,69.96082786819667,111.03877343316258
2024-01-01 05:25:00,43.92905693606134,24.073600300938388,74.68119158914759,104.75167746495381
2024-01-01 05:26:00,55.79055436750034,27.181993818543738,62.3580938670248,99.97596159081147
2024-01-01 05:27:00,53.95831346981468,29.567737332835154,67.29030208267919,94.10728348210694
2024-01-01 05:28:00,53.12059908526078,26.370915771476678,74.86876430296044,89.07836367281911
2024-01-01 05:29:00,53.1417275463214,31.799786189988613,75.94371477520201,108.34751326324883
2024-01-01 05:30:00,75.76540322477624,34.59225249703109,44.99958723704053,109.13771621385585
2024-01-01 05:31:00,45.51372814257084,33.65628555509195,69.49880523699353,84.54270213309266
2024-01-01 05:32:00,50.379022790968634,29.359671387209374,59.37488377323433,115.89838978180684
2024-01-01 05:33:00,46.61419144243944,34.47217841054986,67.50079559435373,105.74071220894001
2024-01-01 05:34:00,54.87559866708875,30.446002371606333,76.2326821446385,113.99594645145794
2024-01-01 05:35:00,49.26471309248931,28.988742086645882,74.02643511274596,86.57872251514885
2024-01-01 05:36:00,45.87251401603744,28.15979200937718,73.50466004966847,86.34175844584561
2024-01-01 05:37:00,67.81948517111213,29.092590940535615,52.242432333192845,98.51030690232703
2024-01-01 05:38:00,52.064657271378124,28.835469544376313,70.04944211039724,105.02784426895194
2024-01-01 05:39:00,47.18137723598013,30.511248667126463,65.37775202368587,117.96360822926964
2024-01-01 05:40:00,45.888898022167844,30.481721943149594,74.89179894141775,107.06078913815132
2024-01-01 05:41:00,51.21843605745956,30.009138060460245,72.94681061072573,97.57318723187967
2024-01-01 05:42:00,51.22483285554361,31.310814509239048,73.4441319359496,89.73630792334107
2024-01-01 05:43:00,47.46528412314435,33.57193882435902,66.31775610132694,112.3000057271915
2024-01-01 05:44:00,47.644808471908384,32.84866240632397,54.92659956090129,90.35294574249285
2024-01-01 05:45:00,66.72837398358828,25.54530609465029,53.66502222334745,116.28468554772321
2024-01-01 05:46:00,42.75957829251338,22.338236595294134,66.64813780794117,97.1561535039349
2024-01-01 05:47:00,42.962681128117225,32.80295973371782,63.96056965169816,115.9058207261785
2024-01-01 05:48:00,46.40777889373782,25.899363904753738,74.85435238339795,106.78931290059279
2024-01-01 05:49:00,48.932764241440765,29.32570379432195,67.25591152056609,98.63004510557542
2024-01-01 05:50:00,51.554537827990025,26.489660921821923,77.41955468832636,94.80603628173873
2024-01-01 05:51:00,57.37678108474776,24.594058687259942,74.31904164703688,96.59092122653921
2024-01-01 05:52:00,54.2882981160101,31.624388184614364,74.78498526240334,104.28316692375238
2024-01-01 05:53:00,49.20030735018287,32.27746548090794,60.43831002159626,100.77156496217717
2024-01-01 05:54:00,49.904918960486555,28.27046879781984,78.4836078977048,94.06188591931294
2024-01-01 05:55:00,44.987353176810956,22.22687312356527,71.82875371863699,98.34368589682367
2024-01-01 05:56:00,49.90743432003805,28.361266655242552,67.41506002527657,100.7857702971915
2024-01-01 05:57:00,48.55670680539931,31.17541201620764,71.00371927139575,78.71265905585187
2024-01-01 05:58:00,51.613592801690444,25.563265293677613,57.56635336971176,104.58168114788698
2024-01-01 05:59:00,45.86384528223839,30.550079759337468,72.86056968036469,90.20278775283194
2024-01-01 06:00:00,52.59673257120586,29.954070452481012,62.7943994427255,88.46667596794255
2024-01-01 06:01:00,57.66369456501289,31.737874498803265,60.53130799909526,83.1265565288929
2024-01-01 06:02:00,70.84769415335487,30.35874110524246,25.694058703057536,82.0610750213211
2024-01-01 06:03:00,52.00855861049471,27.080793177355332,77.78881862492948,86.44552496887711
2024-01-01 06:04:00,53.45071995855556,33.589714504993474,65.59515624415047,92.9097904236951
2024-01-01 06:05:00,47.99389764057082,29.52441128091909,80.73609396941549,119.53259137526568
2024-01-01 06:06:00,51.12046240905208,29.918086381470204,66.24938975863391,94.74120324104796
2024-01-01 06:07:00,50.06296200390897,27.20019612278041,58.04849429684937,101.77750106268032
2024-01-01 06:08:00,50.488380492744156,28.670153246425468,62.184328920359384,104.00481386506328
2024-01-01 06:09:00,46.134951080722665,27.345591857919295,78.65068134004858,101.3106518621585
2024-01-01 06:10:00,50.12255087129471,29.48116182022973,68.90871275444333,99.22556539274007
2024-01-01 06:11:00,52.48999145622725,35.13512544042703,66.16198892456579,88.04706236400756
2024-01-01 06:12:00,57.25571803897521,25.88429657120593,71.12012758096951,114.50927548279212
2024-01-01 06:13:00,54.79635413042603,25.159315806369776,73.51247915317282,118.07196643637886
2024-01-01 06:14:00,81.15471188751319,34.41351098248083,47.63921379379506,83.17341305877315
2024-01-01 06:15:00,46.16326218555975,29.372028968544402,80.13949460925048,89.7597140911362
2024-01-01 06:16:00,54.36160318360339,27.992781784020252,67.4816194794764,97.20189657622994
2024-01-01 06:17:00,50.91671002869176,33.11971406218823,60.71766619742573,90.35462205089809
2024-01-01 06:18:00,60.94901466608836,28.183153380789406,67.10574387213707,105.05965553455866
2024-01-01 06:19:00,45.95850857322424,35.47802914064081,71.8219635460802,92.71727797593387
2024-01-01 06:20:00,45.80139078909612,32.03377761401781,63.25368751652572,121.65056067806603
2024-01-01 06:21:00,47.003036772779886,28.536265775562892,63.2999435957347,111.90548594343596
2024-01-01 06:22:00,39.380521378450965,36.47192463979651,72.4065151708492,102.12574030632214
2024-01-01 06:23:00,47.37122489159619,28.182855230989986,69.65943353900684,110.26986263319732
2024-01-01 06:24:00,46.20433669223151,32.22628611602792,70.22957896788111,111.05900424357309
2024-01-01 06:25:00,50.75196893238104,30.897877741219475,64.69053265709951,94.36052511941757
2024-01-01 06:26:00,51.7087798788858,33.905223868196394,68.38719500055963,91.83782755458036
2024-01-01 06:27:00,59.38085419607943,34.68453359018056,63.53036799012187,100.78143062969647
2024-01-01 06:28:00,54.75211919093025,30.0960124471973,76.23138887787351,108.61636124497944
2024-01-01 06:29:00,47.115481721687985,27.73974638896145,77.24674534306627,101.39060398653417
2024-01-01 06:30:00,45.50792664325821,31.37991642881735,57.07668496433334,84.23003517809002
2024-01-01 06:31:00,52.45959585753253,27.966853890743682,63.49342397865313,91.97175556049157
2024-01-01 06:32:00,43.39883396489679,36.04016174257987,59.524295214369445,99.26027136405622
2024-01-01 06:33:00,59.157293829271765,30.409605993248213,65.44983245915171,99.2433439567417
2024-01-01 06:34:00,55.897200603606436,28.904035346063672,69.41593421146747,119.72542176789808
2024-01-01 06:35:00,47.65412173947647,30.554040917594726,59.852483462110285,86.14012057601002
2024-01-01 06:36:00,41.434327354545616,25.95862113141091,63.54698130812281,105.05589241835875
2024-01-01 06:37:00,56.76936187082706,27.085157884468046,62.97229839542951,114.8911310832829
2024-01-01 06:38:00,49.42730077373691,33.601241723833276,71.4508713057926,122.71449745422797
2024-01-01 06:39:00,56.18908155986731,28.029317163085814,70.48541035925375,95.95602576816039
2024-01-01 06:40:00,42.02786170602816,26.85926705195418,64.94783712663923,104.914294527202
2024-01-01 06:41:00,47.00312488523114,31.60995825758186,71.23774610497578,105.69760357198646
2024-01-01 06:42:00,50.026218498590914,33.55711246398899,66.17323940788914,101.9548173155329
2024-01-01 06:43:00,50.23490296882371,32.1568599319952,68.09841422771763,99.01154798760695
2024-01-01 06:44:00,47.749672642603784,32.988143057417446,81.71416463208976,104.35975389500047
2024-01-01 06:45:00,75.28573004171429,27.729614734291616,48.64099757986382,74.67753914780315
2024-01-01 06:46:00,44.66189785308703,25.73456799977447,60.902931341506815,106.82069490062631
2024-01-01 06:47:00,69.92356631910752,34.50400095586646,47.1804850599643,101.26177903661967
2024-01-01 06:48:00,50.601478158559495,29.031960483473593,75.67977588144115,97.77525103221734
2024-01-01 06:49:00,52.57219417029374,29.24750095063486,61.96215697873167,120.46862195719558
2024-01-01 06:50:00,53.558074390444446,33.984582425547174,75.73144350628402,93.25065981209448
2024-01-01 06:51:00,44.376789540810655,31.66869002820198,80.76552342888787,95.9692401093497
2024-01-01 06:52:00,42.329429146321885,31.367663316244823,62.1421863562891,119.91553302204734
2024-01-01 06:53:00,56.38838410949255,36.49500703470325,63.57748025290015,91.67938695150143
2024-01-01 06:54:00,51.66157005989796,28.06944530885957,77.12363026790452,94.4988471706346
2024-01-01 06:55:00,46.25756731721723,32.783520384243715,71.90046717577954,98.5297457656915
2024-01-01 06:56:00,57.75575987761262,30.171039374691254,73.86033392667666,108.4073448212955
2024-01-01 06:57:00,50.57837317146429,30.80577683658977,72.38412451480347,102.07802507353314
2024-01-01 06:58:00,55.89648592031913,34.58540527923759,72.73487144649701,87.07374652847737
2024-01-01 06:59:00,50.33759240705054,31.523507268868872,60.71469510182242,94.67831436872811
2024-01-01 07:00:00,60.303739624409936,31.6148882371489,77.33122394635014,93.92645566787789
2024-01-01 07:01:00,58.77670421221602,33.217522011929404,78.18712994699442,99.22778954776955
2024-01-01 07:02:00,48.75517925760463,28.905141811371344,68.39426479152381,104.25843658629829
2024-01-01 07:03:00,54.85785475477178,27.482370997982983,69.69566135130296,104.18205755887972
2024-01-01 07:04:00,53.226879747925736,26.8655724179369,59.282247482109945,82.23988245951598
2024-01-01 07:05:00,56.843157787661745,24.100930231871995,73.59978329212484,110.63940987560856
2024-01-01 07:06:00,45.17538269709948,36.16862138982097,74.00440209199901,102.52568845996623
2024-01-01 07:07:00,53.4302572999922,26.69037490283495,69.56466288100482,113.84532047593906
2024-01-01 07:08:00,55.292122434247936,29.336239129242685,77.87047351909352,104.44198327290673
2024-01-01 07:09:00,41.20630256788443,29.16956010033324,67.66145938314041,111.01322957735762
2024-01-01 07:10:00,44.083707436671126,30.922220093427303,73.9522414812552,104.66545311450128
2024-01-01 07:11:00,60.23869019907629,32.44721163761789,37.17899027334077,113.46225756202747
2024-01-01 07:12:00,48.65296582777721,32.58142046507923,69.83513494388033,105.22250636017779
2024-01-01 07:13:00,53.58771127897981,28.250767684293184,68.77952019468015,99.02084753557097
2024-01-01 07:14:00,57.51178526048014,29.498634858640767,71.5771554542866,122.72434720446881
2024-01-01 07:15:00,50.37047390209887,30.847739851464897,67.4133114981665,108.89037122279892
2024-01-01 07:16:00,58.14307772785646,29.25392662144936,69.07969183029833,105.73744421004413
2024-01-01 07:17:00,43.099492708925546,34.82203672805998,75.78233020009054,87.23695583461664
2024-01-01 07:18:00,41.48308780322422,31.472924854914755,66.94265033933247,87.11692382536462
2024-01-01 07:19:00,49.722261505516904,32.20463335814945,58.75396029482924,102.92715482141854
2024-01-01 07:20:00,51.92032724469654,31.988643806002237,82.24708732943795,101.45521197768241
2024-01-01 07:21:00,68.34449489991032,33.52042157245597,61.24960726246461,93.85877434991684
2024-01-01 07:22:00,39.66278949980062,30.543064676111122,60.95416113426067,101.4098269961206
2024-01-01 07:23:00,49.55439980243606,26.10950415613246,74.82795463671636,115.88626928043595
2024-01-01 07:24:00,43.47765249747573,31.199063855257926,66.4791766061406,106.95402474550299
2024-01-01 07:25:00,53.348362744150194,28.045929318624513,71.84441050731742,88.58991490247261
2024-01-01 07:26:00,51.83299123048424,28.41414995475073,72.05956890309446,98.88491172857056
2024-01-01 07:27:00,45.30060106836322,31.75909205626528,68.35914539778575,91.9503351914744
2024-01-01 07:28:00,47.43066541331653,33.714849214300905,64.51364034089522,96.12300083591438
2024-01-01 07:29:00,44.703932390555245,30.063814730208186,65.16621263378619,95.86384334370358
2024-01-01 07:30:00,49.686604513634144,30.92649903779689,63.586656591631304,95.22354417395995
2024-01-01 07:31:00,54.77571160250619,35.10664483390571,64.17724454238689,87.44864628026605
2024-01-01 07:32:00,45.071369768322285,30.722259538465703,69.52975196965451,98.7234531848181
2024-01-01 07:33:00,52.52023257758922,37.80504934254118,64.98968007622474,94.3939236315269
2024-01-01 07:34:00,47.348711908137794,31.696528936894634,74.77436445998833,70.70551309997732
2024-01-01 07:35:00,46.03563583868828,24.71771172253255,80.41072308735149,120.52972024501663
2024-01-01 07:36:00,49.46484820022721,32.260024863313596,65.9396273104097,110.88769654216672
2024-01-01 07:37:00,44.82378838790313,31.143475154648332,71.67583150374765,96.23699275075003
2024-01-01 07:38:00,47.23175347326409,33.86925826224824,73.49779577212054,100.18819049740598
2024-01-01 07:39:00,62.58681739460566,32.019544053809874,40.03024410218221,88.28345652682438
2024-01-01 07:40:00,59.82362566458195,29.58463204804868,70.53168687541262,116.95722877810866
2024-01-01 07:41:00,73.67247066345934,26.327105291131904,56.01806551731718,118.97288694773111
2024-01-01 07:42:00,46.501372460037075,29.372930228141925,73.3757426687646,101.56693728246525
2024-01-01 07:43:00,51.06989955367111,27.4484386373721,61.336363043708914,110.23530644185345
2024-01-01 07:44:00,49.43835975154585,28.258429650585832,76.08409245072491,101.75286778933923
2024-01-01 07:45:00,48.89515200233389,31.765735213261827,76.2110358608672,86.6327456112407
2024-01-01 07:46:00,53.07083350021713,35.00971351305422,64.65699727074993,95.88176631036343
2024-01-01 07:47:00,53.787538550236526,31.184014589468944,70.26556484813321,101.31927966771957
2024-01-01 07:48:00,47.34749426194736,26.41235081389445,74.78330294967749,95.45452281256556
2024-01-01 07:49:00,47.1209087967766,31.333808004660423,68.53480326294446,97.81346722564965
2024-01-01 07:50:00,48.62474151424178,33.58989445993696,77.51084633436209,99.08600442490885
2024-01-01 07:51:00,38.49039417632208,28.170651287041853,86.54710746233553,99.19121502134539
2024-01-01 07:52:00,42.42404468900724,29.597948499981246,64.49809777155512,100.52258490497483
2024-01-01 07:53:00,56.83437133722262,30.04406458418759,60.332687777923574,89.39394933603398
2024-01-01 07:54:00,58.22483856750642,27.64530506075328,72.12673016923414,92.82983850872064
2024-01-01 07:55:00,48.75481980221811,31.94484130153158,75.05093753588301,87.1541573430003
2024-01-01 07:56:00,52.88278481527883,29.637155554176655,68.38393538308662,109.778155496862
2024-01-01 07:57:00,51.55625077271768,31.258597331721084,80.17282464324724,78.94353058159675
2024-01-01 07:58:00,65.3944040422762,27.3375234665937,60.62975940193726,111.53590343316925
2024-01-01 07:59:00,55.59787455717289,28.68762509902977,74.85043036122127,113.86349397262843
2024-01-01 08:00:00,49.36041204259617,32.167144073483314,65.75897425468774,96.97819413017379
2024-01-01 08:01:00,45.22229779699787,28.881500543724698,82.03564534345108,73.96862912172702
2024-01-01 08:02:00,41.96776839871214,35.180891553700214,83.94760747217683,96.38689438032709
2024-01-01 08:03:00,51.017318179336115,28.801091443156192,64.63340388551657,99.35815838711181
2024-01-01 08:04:00,46.21824627357849,30.67405417725566,66.15310004863994,89.89401780071087
2024-01-01 08:05:00,42.888731452011626,32.79777249561927,76.01711520885861,94.84781606191757
2024-01-01 08:06:00,46.76713557878737,25.744902801200904,67.2900854514734,115.30195198863352
2024-01-01 08:07:00,44.592259981928024,24.717573564057673,69.68212147447433,106.64927162301741
2024-01-01 08:08:00,58.43570817536282,25.423031056289716,70.17771894379688,90.754358856219
2024-01-01 08:09:00,54.408198784747256,33.78775231028155,56.562287906616405,84.02400830404568
2024-01-01 08:10:00,49.960136793416915,28.34442556232266,69.90313577734034,96.72982682390229
2024-01-01 08:11:00,74.90589475848198,37.674597857004755,43.105269453076836,97.86543220649561
2024-01-01 08:12:00,50.386841538238095,28.307257204027835,66.5481402432016,104.96199187363317
2024-01-01 08:13:00,45.693578993358685,30.553653909591112,80.1054240242817,94.64683287432341
2024-01-01 08:14:00,57.61562038634828,34.626329857703624,61.20445174004521,105.11499575361862
2024-01-01 08:15:00,52.694550218423295,36.01827866447737,75.69243630723584,119.35154040060229
2024-01-01 08:16:00,44.81376922836772,36.18451072990919,68.04725948767734,108.15501022444262
2024-01-01 08:17:00,49.04830660958196,33.62509869177943,68.04167882052916,99.51911492669227
2024-01-01 08:18:00,45.62190873307621,33.072187577434384,75.53260327236198,98.16849528946705
2024-01-01 08:19:00,43.08600134517832,31.77758084760355,72.38035906198223,96.43326865820129
2024-01-01 08:20:00,54.630887737658206,32.33508322849991,73.99429098053672,111.80640912452145
2024-01-01 08:21:00,59.54708320235065,28.346442851014398,76.77729262373003,93.72686554048697
2024-01-01 08:22:00,43.00716213090429,27.54540334973308,67.68084131771674,100.45222708999982
2024-01-01 08:23:00,52.81484618345286,29.989876627767146,65.71434285844575,100.51197901881085
2024-01-01 08:24:00,46.746787154390866,29.489446132425215,62.403946314095414,94.98215807188468
2024-01-01 08:25:00,47.56437308117652,28.640315852018176,64.22212629014732,86.27534452115898
2024-01-01 08:26:00,47.03803037880566,32.089162342370145,90.64366097716108,103.22974503617668
2024-01-01 08:27:00,45.68004615160092,32.86591562571153,78.7127570651575,99.38996028144616
2024-01-01 08:28:00,50.24260813972413,30.265220658875542,60.54247943654385,105.0024046943657
2024-01-01 08:29:00,45.845249417944814,34.432590243165784,60.742794302795005,94.66399693560834
2024-01-01 08:30:00,51.35228412889919,26.574932657599483,73.37306243202944,112.20821298813048
2024-01-01 08:31:00,69.77850029983006,29.419021622160844,51.649266893303995,91.23226218788156
2024-01-01 08:32:00,48.80525976566795,27.849533038191584,73.84218684722156,117.12040284017893
2024-01-01 08:33:00,45.46218168979201,24.400390148780822,68.21530944512412,82.52363490171739
2024-01-01 08:34:00,47.116143347158335,29.7519579424719,69.1218201799797,104.3477006455689
2024-01-01 08:35:00,53.77695612912878,29.63475747485015,72.2951566691155,104.75430682526624
2024-01-01 08:36:00,52.504585938121906,34.540349229726395,70.60125104405331,92.04442932059118
2024-01-01 08:37:00,45.11222377600724,31.892435053664332,54.464897390767256,104.24393937861012
2024-01-01 08:38:00,69.3079861419542,26.927439527012385,43.341312968476615,112.7951866976016
2024-01-01 08:39:00,53.75693561685895,35.562277699002564,64.0401549601778,77.83181160645935
2024-01-01 08:40:00,41.652973594393146,33.663101086576056,71.22647993235958,105.02744807490815
2024-01-01 08:41:00,52.71680096189967,31.746293110405848,90.89681301822387,75.06729179669922
2024-01-01 08:42:00,66.04956636418385,29.320547703450504,46.85811659335974,90.34335196476792
2024-01-01 08:43:00,52.852993342965796,27.12168228982956,67.80529219679322,116.29166364900945
2024-01-01 08:44:00,46.18370421728741,28.88337967178684,76.45261051384077,94.18217966607946
2024-01-01 08:45:00,40.9755894966774,33.26624585911256,73.3788152104645,88.26120035591028
2024-01-01 08:46:00,41.862287810584185,35.65375891780383,72.94066143316289,98.02062271015318
2024-01-01 08:47:00,50.24042473330691,34.62973058481657,74.24795415250969,120.67906338163553
2024-01-01 08:48:00,51.29861250860741,28.533451734641176,84.39580495380679,81.68317752793973
2024-01-01 08:49:00,45.47841687447796,26.641147700132965,62.08378095271859,89.48690088360655
2024-01-01 08:50:00,53.19296229388687,30.422658740733613,73.31542453768019,114.97431683179626
2024-01-01 08:51:00,41.6923996886552,24.694681903311444,63.515332090129235,118.57702343537733
2024-01-01 08:52:00,49.669601006763415,30.969503142554345,73.88858852439574,98.96568775709716
2024-01-01 08:53:00,43.94491900118771,29.557192241103994,63.56919441959734,87.60947297473358
2024-01-01 08:54:00,46.7408194609892,28.601890494395274,67.0784323047644,120.95843501809159
2024-01-01 08:55:00,50.23699335658207,25.215890798199613,67.93437060033466,115.94442391749197
2024-01-01 08:56:00,45.69793317358024,31.54080031970915,76.83071703541296,106.78946987762232
2024-01-01 08:57:00,48.077222278850876,28.401897481014267,76.42918110759689,91.8759765106258
2024-01-01 08:58:00,55.0314640460722,26.490249492869136,61.279978364875305,99.50970659161963
2024-01-01 08:59:00,47.115540652384254,21.383213360155054,70.38453877699894,98.39639918955169
2024-01-01 09:00:00,54.17846056032571,29.917455284848092,65.03294101675579,103.30851304615578
2024-01-01 09:01:00,44.35146572671191,35.316754790009234,61.19046562527266,114.51001438131337
2024-01-01 09:02:00,52.64902088957641,34.983777643643606,68.48088064702941,108.79417041137403
2024-01-01 09:03:00,57.207843103289505,28.628711230241183,67.84062048080926,89.22623923015242
2024-01-01 09:04:00,37.641777499363556,28.19336381891466,86.98701540441866,113.76496450019538
2024-01-01 09:05:00,46.015523722647615,31.40632276822507,73.03071877752487,103.13132140013155
2024-01-01 09:06:00,52.8853606359027,27.004843682435126,60.35667749472034,106.87065795858916
2024-01-01 09:07:00,48.984773069785035,30.905375699458396,66.0465819708034,114.66540859278604
2024-01-01 09:08:00,51.85572936685654,32.29824083515407,77.14968306800579,88.88419750486449
2024-01-01 09:09:00,46.9800740664209,33.68079967165292,84.61909941008948,99.64174421293536
2024-01-01 09:10:00,50.4329489373645,29.69953777056014,58.898116814334294,94.68545448640785
2024-01-01 09:11:00,49.221613823039604,29.388978749469103,56.84052930402669,84.32140574634545
2024-01-01 09:12:00,55.838910308299035,27.366052239730315,83.09675622760247,103.4670997760492
2024-01-01 09:13:00,51.272104216506065,27.51935893788042,72.72729924159633,125.11556551584424
2024-01-01 09:14:00,51.68801331037601,29.32056332429542,63.92195087686544,81.59922255494247
2024-01-01 09:15:00,47.94061516938766,31.102096520448534,73.74240360285705,99.67719388950529
2024-01-01 09:16:00,47.56196887963753,32.74075387869975,51.54976582688185,106.40542935074774
2024-01-01 09:17:00,47.8372090609019,27.590463147958964,70.02362854618012,101.23078201656182
2024-01-01 09:18:00,51.97226071189149,34.47806570687857,72.2947482099016,98.86871947484259
2024-01-01 09:19:00,47.895077595898684,29.186629196872293,76.4698909767648,87.00783636554176
2024-01-01 09:20:00,51.448874284482066,29.935898116954693,62.90272833395224,102.32786742940164
2024-01-01 09:21:00,60.37700399322719,27.75836496255653,70.59981012982351,92.43236022984074
2024-01-01 09:22:00,54.35562351715846,22.727279219181177,63.52202761758289,78.10078295021447
2024-01-01 09:23:00,48.369882339160796,32.65213618908315,71.78768628972021,111.94592220513731
2024-01-01 09:24:00,56.00606961081972,32.210531691277296,63.73257574345883,109.58385819842043
2024-01-01 09:25:00,47.95962313489224,29.15601732864536,67.14329412587846,100.5166097685108
2024-01-01 09:26:00,39.80937732411073,30.200972151674616,63.02929223646839,102.29074688205702
2024-01-01 09:27:00,44.95956844541298,31.547817653112297,74.5579536927656,110.74318012715561
2024-01-01 09:28:00,40.646040394870724,25.31236242934037,76.00915781659666,102.24339656778082
2024-01-01 09:29:00,48.24243257979346,28.412841967961114,68.3576560102981,109.04017554761315
2024-01-01 09:30:00,50.09209189594776,32.382794038865484,70.2676659647202,97.0251779912615
2024-01-01 09:31:00,58.382186561376415,26.23713173049225,59.85986009756519,113.11983738573946
2024-01-01 09:32:00,51.63463686882081,30.880673796499888,67.9022634639525,103.20785725932684
2024-01-01 09:33:00,48.90449735595568,25.930254586129784,69.64856768070779,101.94051943605874
2024-01-01 09:34:00,54.14702790591745,31.39928994730058,88.34555163720982,87.29938911287968
2024-01-01 09:35:00,38.944323454960575,29.89307555310755,62.21623081958086,102.86955854301709
2024-01-01 09:36:00,51.17807279054283,25.154604552283473,80.24924067126706,91.68045082505549
2024-01-01 09:37:00,72.16090434894184,33.49421806337151,53.51330300880421,93.61717273471506
2024-01-01 09:38:00,42.60706877110079,27.796225269605852,71.96445483143096,91.84624371683879
2024-01-01 09:39:00,55.71877021603464,27.569242688956855,82.31034338936593,89.33765068100774
2024-01-01 09:40:00,51.69248203747207,30.60170759169283,72.60473830824805,121.24771403016962
2024-01-01 09:41:00,47.923560430495996,33.44591204828615,72.7241143696755,113.31339061988403
2024-01-01 09:42:00,53.163909330531425,26.952534543064807,69.62815542887718,119.20367502144262
2024-01-01 09:43:00,61.35346428902198,30.185039549543916,78.56498217693039,87.77104980444436
2024-01-01 09:44:00,50.90933127529247,31.28644950099172,77.67528463667618,100.71253749910892
2024-01-01 09:45:00,51.24110293150168,32.07931682178943,65.62025898752651,87.06492374795904
2024-01-01 09:46:00,47.70319550229878,30.529324665831677,60.76526963780863,93.04305122802936
2024-01-01 09:47:00,45.75077815267604,28.89891648275003,68.5791355382304,90.81873016583425
2024-01-01 09:48:00,54.15167908272123,27.51722933805384,64.39973004921647,112.39584006441561
2024-01-01 09:49:00,45.719580870455665,30.258431649139123,69.55532797769251,96.0377032189824
2024-01-01 09:50:00,50.35783118609696,26.78358296404318,78.66206694278898,110.68379333694017
2024-01-01 09:51:00,47.61171276617441,21.235948549516177,66.79888841439247,106.04120889588518
2024-01-01 09:52:00,68.52771166939365,31.309679412473002,41.96372295693411,123.03638752104789
2024-01-01 09:53:00,51.668310526434745,32.711804523258586,70.40615914365877,85.20555776860276
2024-01-01 09:54:00,55.1876997212895,22.911202693374484,75.93901617543699,112.59233239786799
2024-01-01 09:55:00,47.44991800572627,26.970807885870187,54.27177466210776,111.46440870400727
2024-01-01 09:56:00,48.65062532353314,31.857462783015592,65.75309793664292,90.26621161972966
2024-01-01 09:57:00,45.106181421088465,36.1724864091351,71.4789858459563,110.0713333647316
2024-01-01 09:58:00,47.778533699619445,30.062381123026224,78.40055269498802,103.36144963026229
2024-01-01 09:59:00,51.88650246522426,27.815991176312597,66.55668286745656,97.72523740046593
2024-01-01 10:00:00,53.78494308322676,29.45131067668548,56.864131057706885,91.76064513028001
2024-01-01 10:01:00,45.389173379111874,34.12462925744455,74.33798012176295,92.80890548550813
2024-01-01 10:02:00,54.3480296005283,28.062107462626393,65.5524632782206,120.49812095785926
2024-01-01 10:03:00,56.778189294024756,27.602423980049238,61.67233338636747,100.00682818957483
2024-01-01 10:04:00,52.067174516118506,28.551769433453902,65.62958227200743,107.82130001531459
2024-01-01 10:05:00,59.38397906279033,27.14001417522386,68.70832249640905,92.09100618332447
2024-01-01 10:06:00,46.13105400448214,30.368010947984388,65.76678734823251,92.2014705377836
2024-01-01 10:07:00,43.776726483442914,34.87403537540868,54.56103760030652,110.81984809249943
2024-01-01 10:08:00,41.10639875547861,30.969237819348088,76.27946337820993,86.50423788448468
2024-01-01 10:09:00,57.480221557445915,29.242939493621137,78.92412528895106,95.84786232094729
2024-01-01 10:10:00,53.27182828177029,29.12456619325337,74.56065393937654,100.34027411072232
2024-01-01 10:11:00,49.72207664544772,25.31042757391003,62.036200307026284,101.11372601840053
2024-01-01 10:12:00,51.3998431315991,32.64932933144148,68.58955926236737,98.20906714983843
2024-01-01 10:13:00,44.37255476350812,29.766488408961592,69.9543507933938,103.95819781095923
2024-01-01 10:14:00,62.228759898084135,29.458560259228122,74.19156072693337,106.92855755817811
2024-01-01 10:15:00,50.64610590987614,39.57932270353459,74.67838342102657,107.3463754545933
2024-01-01 10:16:00,50.546973973024464,30.89625872509706,64.86078340855053,90.14196191332174
2024-01-01 10:17:00,53.62883311949346,27.744626849714447,70.57396889489492,97.15844902071203
2024-01-01 10:18:00,52.40504615868357,28.72092721138337,73.20096283230669,111.94762861876937
2024-01-01 10:19:00,51.119420121395656,33.445337127590264,80.19075625502737,108.94647187573872
2024-01-01 10:20:00,46.04762772277344,30.339811231613293,74.93154577877306,86.27140548518936
2024-01-01 10:21:00,52.35734178567998,25.685166065047902,75.52339681162863,103.51479900352201
2024-01-01 10:22:00,59.41012248237517,32.75768680372561,70.58678639550553,80.2177475062519
2024-01-01 10:23:00,56.72710023077489,27.995567743383017,79.87321401642453,100.4693490206037
2024-01-01 10:24:00,57.965933133196984,35.61989332865264,72.86833957171648,118.97767016745976
2024-01-01 10:25:00,67.96506131348612,33.24014419714395,36.899412876081925,90.52107282731014
2024-01-01 10:26:00,45.0519758987071,28.658034313023748,79.82358979087634,91.65676954508417
2024-01-01 10:27:00,49.37106539950176,33.84304908520534,74.88532290777319,107.6402978157286
2024-01-01 10:28:00,50.27862456144347,30.20356653158221,66.89869185210063,84.57198484790354
2024-01-01 10:29:00,55.47095759235474,32.55832102536666,66.6435492282053,93.67244970114962
2024-01-01 10:30:00,41.5376768514259,31.454198451883425,72.07602881598534,105.96441137581752
2024-01-01 10:31:00,57.64775159730307,27.46093003502738,73.24229356687309,93.65714152310596
2024-01-01 10:32:00,49.20996050710505,28.069350503047612,71.38104585941845,97.64030012789028
2024-01-01 10:33:00,47.8655946502629,33.08988245274348,72.17916071410019,107.44185710315034
2024-01-01 10:34:00,44.93947812369916,28.995674003680378,81.89970162203467,104.21546083536562
2024-01-01 10:35:00,41.72571664067115,28.78905461027401,77.5008020656442,102.66818396295402
2024-01-01 10:36:00,54.11585291980957,27.134632261951943,71.33444913885518,96.60877720729961
2024-01-01 10:37:00,50.36658983594202,31.270797196780382,76.58917406537239,103.70061115268956
2024-01-01 10:38:00,43.55019550129473,36.187574757729436,62.772332675307226,98.76267319900244
2024-01-01 10:39:00,43.52460613968192,26.797401257237183,72.78548934962767,104.57805609925785
2024-01-01 10:40:00,48.32107650354936,30.072658370018274,82.66514444813177,95.03067974882022
2024-01-01 10:41:00,58.34510762644696,34.23666166624629,68.47367873225339,98.17431025620459
2024-01-01 10:42:00,48.702043243181976,29.761075826262854,64.0665624996664,90.10042207447987
2024-01-01 10:43:00,42.48428523440947,31.3571153887492,65.43537777984858,99.64992389993765
2024-01-01 10:44:00,48.77128467957028,26.81281941555936,62.37256873860328,91.88999136371154
2024-01-01 10:45:00,48.63638215126165,31.284921291622947,64.50666664310607,88.85953549838007
2024-01-01 10:46:00,36.515566785292144,29.438567204986352,67.4064433098698,102.58661147855388
2024-01-01 10:47:00,49.72852566741094,32.95718998703959,60.16103086574951,102.1273977585766
2024-01-01 10:48:00,48.84532734895661,33.56215815469425,70.10932833764723,107.82873734948572
2024-01-01 10:49:00,53.48103182406709,37.76869092605584,76.31594021650653,95.68874430424901
2024-01-01 10:50:00,59.244780474726724,31.738899519640725,63.645706738971555,104.08052846836756
2024-01-01 10:51:00,55.632825147738785,30.977388949746498,80.63498746549239,105.50797572273663
2024-01-01 10:52:00,48.65555654722585,30.583152904732007,73.57554461969316,104.44773807831595
2024-01-01 10:53:00,44.46737045629165,28.940501121567934,77.2140640993684,91.74346317197858
2024-01-01 10:54:00,62.8667990162493,31.01545153038507,65.39515812303505,101.49363482271188
2024-01-01 10:55:00,50.29609217007244,29.11379576958291,75.9816765894663,103.64140296054661
2024-01-01 10:56:00,50.06964645956473,30.505382928808842,62.35646269723281,100.07178466907942
2024-01-01 10:57:00,49.87937456444998,33.95279260682388,76.23173250585556,79.13522341628915
2024-01-01 10:58:00,50.99042380383928,26.980372304161076,71.20287537855472,101.6048962397348
2024-01-01 10:59:00,49.27819794038029,33.419635683387135,73.87275853989348,122.12531039397243
2024-01-01 11:00:00,47.13168996559882,33.951345202019596,61.77083776062604,96.39960731243018
2024-01-01 11:01:00,47.26570529379804,29.645794419026764,63.73451110406377,92.7192290214468
2024-01-01 11:02:00,49.83623364892001,23.634435302974218,74.1805975277737,103.73348559711398
2024-01-01 11:03:00,47.282876144331176,28.176534038716703,63.361563970430595,103.12378210466572
2024-01-01 11:04:00,46.43577108661418,33.89098363968333,73.24244404469385,111.92735165416414
2024-01-01 11:05:00,50.53215113845948,29.931395813103354,60.43003535477828,87.42131844091112
2024-01-01 11:06:00,48.72511391289572,27.002093303115267,75.93721948866667,107.31380252574992
2024-01-01 11:07:00,57.51996494291345,28.48567523631535,61.37233679662044,105.90422061251464
2024-01-01 11:08:00,36.74515095803494,32.52186007951366,73.86609956375666,98.57853463059453
2024-01-01 11:09:00,55.45753425961231,31.640200704604137,74.37941653552201,103.3868731792169
2024-01-01 11:10:00,56.23042596248815,29.283203702490916,65.12259727099297,110.29457481598357
2024-01-01 11:11:00,39.63304883795925,28.899526764555937,74.07418596959309,108.7231538002845
2024-01-01 11:12:00,48.28656202959826,28.824725552868536,71.8230958433349,88.56980687926271
2024-01-01 11:13:00,48.142795670021044,27.23276944650449,66.22810700665083,108.20158186755485
2024-01-01 11:14:00,42.96244152641089,34.84612706840832,62.94011721146654,99.35311394967482
2024-01-01 11:15:00,46.110916562045624,29.03303859236598,56.26162015829195,100.72874098015515
2024-01-01 11:16:00,44.44712077267086,33.65147556247649,72.44755033109786,100.73196991001694
2024-01-01 11:17:00,58.761352217118116,34.563948155767356,59.04638060046561,98.4975701120174
2024-01-01 11:18:00,54.678391965737305,32.99493269444388,70.66740939608916,111.91707497107065
2024-01-01 11:19:00,56.35777547497079,28.705139061845856,68.15586248742426,99.16282040150789
2024-01-01 11:20:00,53.60836032021618,31.21119027100983,74.75399942806737,88.80453871616831
2024-01-01 11:21:00,44.354741143913856,29.92741318082725,67.88568150357095,96.06470144030271
2024-01-01 11:22:00,47.37739866860113,27.288894417809615,67.69386549557036,101.78694716810476
2024-01-01 11:23:00,52.44687280613959,30.97307784516481,75.12309493001807,112.29214784297051
2024-01-01 11:24:00,43.88936095554027,26.462880626520594,72.34540620358882,106.03094684948833
2024-01-01 11:25:00,53.56499215086194,33.56303816538469,72.21309170027945,91.49464721252956
2024-01-01 11:26:00,48.79837300920933,28.606148108104822,73.28487312865968,124.85189916678891
2024-01-01 11:27:00,48.12589596225201,30.603478967618518,59.25099513755026,102.6477531097798
2024-01-01 11:28:00,53.554799841017456,30.849863614638426,75.29752075990888,112.75390737999015
2024-01-01 11:29:00,52.2213165574302,29.22328507888777,74.28728155809522,98.48285566422771
2024-01-01 11:30:00,48.1951691709046,31.760081404425826,62.88321809996452,105.3335924470545
2024-01-01 11:31:00,55.79664901682124,28.575289030132428,68.2914366842806,108.39468504518405
2024-01-01 11:32:00,44.59468336200051,32.61389189237173,69.72484898660659,112.18194711754256
2024-01-01 11:33:00,53.07967803472132,25.962060959259755,69.05852250918787,110.57368305378225
2024-01-01 11:34:00,52.96550628984192,30.379138738639234,72.33701976597975,108.72197000072978
2024-01-01 11:35:00,48.45226780343005,35.81678699717485,80.01956747281828,96.84913268805892
2024-01-01 11:36:00,51.63066511121059,26.999006026183274,77.5723670937098,94.28253958043939
2024-01-01 11:37:00,43.74443211807348,27.966765088425447,60.81446564598016,103.32607510324198
2024-01-01 11:38:00,54.6201350960345,31.541723548976744,74.35448993214234,109.33128072341069
2024-01-01 11:39:00,49.075489317785056,30.538745345818793,79.30253323674786,97.77279299223393
2024-01-01 11:40:00,47.3863848974048,31.051890297820677,72.70765964482442,110.65171965714387
2024-01-01 11:41:00,55.245046129184445,31.46756139044299,77.63686297630177,114.52616745486179
2024-01-01 11:42:00,46.4782815472862,31.90416440568531,84.08589311990536,90.8367908092658
2024-01-01 11:43:00,42.957693518182204,33.32909952586867,77.16596682274887,91.6307929620372
2024-01-01 11:44:00,42.21685413238048,31.229455970785537,71.7451601694921,98.59624941094664
2024-01-01 11:45:00,53.0300497567282,29.276227036144373,77.31561931859328,103.07612668189196
2024-01-01 11:46:00,43.597853237518585,32.017721103608196,71.01421483167823,94.75432986232948
2024-01-01 11:47:00,58.77397090992182,35.699645804685645,70.1673213029947,113.52202678867144
2024-01-01 11:48:00,39.59035296058139,29.60209876085228,67.54010035000387,104.24066861518452
2024-01-01 11:49:00,58.48228184145019,27.076412085988075,80.94389351182475,100.3944704824074
2024-01-01 11:50:00,51.055087336013095,33.32124200786092,64.27099933840599,85.64090476131473
2024-01-01 11:51:00,49.51643444064804,29.638856508139206,80.72657407274681,86.84184183572492
2024-01-01 11:52:00,47.27540456595525,23.481991361957892,73.4990488661826,102.81009250281807
2024-01-01 11:53:00,51.99568057176035,32.542265031451265,60.20485677638641,78.67404373845164
2024-01-01 11:54:00,49.811826487875756,28.394015442138233,72.57354505093996,110.12637409644071
2024-01-01 11:55:00,55.516509410082605,29.728400153087517,55.29981444643863,98.4184615562768
2024-01-01 11:56:00,50.5711382433102,30.995940991707045,74.37855611781725,132.43092969594733
2024-01-01 11:57:00,50.751508807309385,30.571499039337198,76.19662038092294,123.07916250616111
2024-01-01 11:58:00,48.18193893893072,32.12835545141712,65.85350831043563,98.18550930752484
2024-01-01 11:59:00,49.71527188139466,28.69354088829047,70.86483387168907,98.93662997468685
2024-01-01 12:00:00,51.5390088444603,31.539317394528247,83.679102036252,109.95581514002029
2024-01-01 12:01:00,41.449158036716874,29.221359967248247,66.45977307016645,117.03172609918037
2024-01-01 12:02:00,43.25907288947143,32.21643144266251,62.58764689060379,83.61970942563983
2024-01-01 12:03:00,53.71632047011357,31.846102452039162,80.3716438172382,82.13624534645314
2024-01-01 12:04:00,50.85432719063971,27.193683893866215,83.73811033371557,93.77965194445619
2024-01-01 12:05:00,49.0800833182366,33.257946348525095,70.02586970293493,105.82737583173865
2024-01-01 12:06:00,50.09216966532696,28.392109664657855,77.0802412478585,104.96873590507597
2024-01-01 12:07:00,51.737908526808354,32.424173394843436,79.39033140871616,110.69771454983851
2024-01-01 12:08:00,47.30120159845319,31.10186194020402,64.80261037223131,88.00302471634691
2024-01-01 12:09:00,46.108476372988434,35.51455103038537,66.60285915242493,76.83856137031123
2024-01-01 12:10:00,50.97922627548841,29.329602052884443,78.61612159208315,108.58014195302145
2024-01-01 12:11:00,45.10813611192484,28.952049611645407,81.79509995095957,91.71803727034765
2024-01-01 12:12:00,52.04126377857236,29.941741182336802,73.94016602122048,79.81512135611362
2024-01-01 12:13:00,41.4870819788108,29.090460651497175,63.84129952548562,101.45063745959382
2024-01-01 12:14:00,55.14577818662822,32.39982570582615,83.90942778189608,107.93175688218678
2024-01-01 12:15:00,62.69653705373735,25.151068174690238,43.58707878397451,98.77942867878723
2024-01-01 12:16:00,51.28014867156938,26.838952742560938,67.65403553179983,95.42151613817511
2024-01-01 12:17:00,54.91345491972757,26.79659123526242,72.39636484142736,98.40637767854093
2024-01-01 12:18:00,58.32737222231288,32.85092277592073,80.87912294500342,96.29417237599218
2024-01-01 12:19:00,55.07185032509065,35.131840117745774,75.97783183586557,86.51952888059833
2024-01-01 12:20:00,40.795628843341774,29.686652344387586,72.90405850253337,92.85319323009568
2024-01-01 12:21:00,43.60211516632149,29.49353483042997,73.24301971082674,105.21279905013814
2024-01-01 12:22:00,46.875907111521606,30.210156489339543,70.30460268050426,103.216785413765
2024-01-01 12:23:00,70.7913875986286,33.48563490782457,42.08656691430445,101.6805980596682
2024-01-01 12:24:00,52.58829510234561,27.217940597428278,52.29307945613988,90.0485151814662
2024-01-01 12:25:00,46.37128093423267,30.715106948204355,67.92374778651141,98.18496837864333
2024-01-01 12:26:00,50.93383382238539,32.925592889347286,71.68925354441747,78.22934953557146
2024-01-01 12:27:00,46.22308533823339,31.503282509819535,61.94290141466345,101.7847666388539
2024-01-01 12:28:00,46.94241098504026,30.56874484979623,72.70426322468091,114.28857707813567
2024-01-01 12:29:00,42.96669451575889,33.003138277701424,68.56870145309715,85.25867867957894
2024-01-01 12:30:00,45.38383376944548,21.89030312100229,82.28832988820844,94.14072326682245
2024-01-01 12:31:00,43.241576971918334,32.03362595859272,81.011138076504,103.2910677871013
2024-01-01 12:32:00,45.12063373511334,28.03777295061773,66.73936101617286,112.52842634427483
2024-01-01 12:33:00,55.2682089830392,24.50810130943063,68.94413601903314,95.51775383699851
2024-01-01 12:34:00,45.25300555584028,31.53360779857494,69.48236704074125,93.07749670734104
2024-01-01 12:35:00,63.161910324186955,34.120975635488875,66.83838366688263,80.31076857583918
2024-01-01 12:36:00,52.466589504404446,29.587654456116926,71.36517488819689,101.03438129308107
2024-01-01 12:37:00,50.92418061847437,32.858623641608816,64.69202551778687,120.42076040143743
2024-01-01 12:38:00,45.70821109909393,34.83683477396593,62.08569265543731,102.77358461964675
2024-01-01 12:39:00,53.501549397044954,33.94474336075214,74.35897856730188,99.77721020816287
2024-01-01 12:40:00,47.12181086881113,34.91989358811418,74.40670708955267,103.22082310766986
2024-01-01 12:41:00,50.610049073226804,32.22638247321568,64.36978968238006,99.88907996051398
2024-01-01 12:42:00,62.800422691343975,30.22630091670478,76.2674880153382,91.8698562773987
2024-01-01 12:43:00,66.98668645999769,25.194102564308494,41.77691751911122,108.23279915677705
2024-01-01 12:44:00,55.74636663142838,29.261812535610154,71.77215666626587,102.25761523111754
2024-01-01 12:45:00,46.48411787437056,27.470260214051425,75.74240808828719,100.17613251933658
2024-01-01 12:46:00,62.69444570370931,36.51282815249344,43.621396906390416,90.2463397272175
2024-01-01 12:47:00,58.85400317817755,29.47234256270299,73.18318638498793,113.03507931934759
2024-01-01 12:48:00,74.48279127220636,30.369614420353457,35.24530575586034,106.6470274533311
2024-01-01 12:49:00,59.062242789984644,31.654456128121403,68.62473391600332,94.47079162632699
2024-01-01 12:50:00,53.538759677277376,30.13080733911736,68.55898398383762,110.01824853681937
2024-01-01 12:51:00,47.18766612052866,35.08515312129226,64.77395157421833,95.02429161614793
2024-01-01 12:52:00,53.1620386952776,28.132051914796644,68.76258085818952,92.17996507488964
2024-01-01 12:53:00,54.86277224813365,30.58382236571173,59.15967190795377,92.40296882519714
2024-01-01 12:54:00,53.10904981108598,27.772588242905854,66.56192377000527,82.28931446911909
2024-01-01 12:55:00,42.14887640054772,26.03993246633788,68.00587154641231,104.71542380418205
2024-01-01 12:56:00,46.364314120875655,28.164692727284145,68.20674173253234,81.6885512166165
2024-01-01 12:57:00,48.762406822242475,29.888889608854765,68.30951787890454,87.71556168734237
2024-01-01 12:58:00,49.62783285449977,28.71209332644822,69.56765060097909,79.24411990921467
2024-01-01 12:59:00,53.10336048775339,27.92273706037843,73.35609062660245,99.13930307209107
2024-01-01 13:00:00,50.88850500466627,25.781047608984498,76.12161951892766,98.49679539728128
2024-01-01 13:01:00,43.323278206449494,29.750683282113915,65.45164341206213,96.73303786813636
2024-01-01 13:02:00,51.90098925502981,25.485838877906993,61.57759401227599,89.57422305329423
2024-01-01 13:03:00,53.05292872641912,32.28016789106881,62.70568911429828,88.2776624656336
2024-01-01 13:04:00,52.7989522396552,30.24731925880351,66.58957955163551,104.64369863546574
2024-01-01 13:05:00,55.40390362777311,25.62734550160521,67.53655077528444,94.49448068291512
2024-01-01 13:06:00,54.16961077274452,29.07237276885041,64.61002753661779,103.16358321536144
2024-01-01 13:07:00,52.29590039614219,27.743530783228252,60.927183350250736,91.14751313875777
2024-01-01 13:08:00,49.649171442706766,30.957523531257543,66.80715420768068,101.81062742771083
2024-01-01 13:09:00,41.69519533242004,34.02135133806944,71.2699863407978,113.03278037316063
2024-01-01 13:10:00,52.14809109566293,24.374482591062765,74.16520626084895,105.86165800392783
2024-01-01 13:11:00,51.03843843581556,30.34507823744225,66.09803862824175,95.8758618178352
2024-01-01 13:12:00,51.35789418597687,29.51960161330008,67.10901524499596,102.57198970355927
2024-01-01 13:13:00,43.61625712089845,32.014020229351395,63.51311183806882,97.59334825469787
2024-01-01 13:14:00,44.59471729795869,30.639589884713068,69.77992580737657,100.07880184694729
2024-01-01 13:15:00,55.26576426666452,27.744092004783543,64.0609995606643,96.74388947851496
2024-01-01 13:16:00,49.802224230716725,29.042838193000147,74.0118946926884,98.3566479411461
2024-01-01 13:17:00,53.40750348686312,27.611922429589534,57.49893455646122,102.12093353074175
2024-01-01 13:18:00,50.14159188065231,33.228021415795794,67.48259229283276,90.06641300418049
2024-01-01 13:19:00,50.14878069747873,30.063934946015827,72.1077513743422,89.84121173010021
2024-01-01 13:20:00,54.69141902987999,35.703572057259024,71.28684161425753,86.1145744616879
2024-01-01 13:21:00,65.17575735309923,29.81801755855614,55.514323933170395,83.9972889549629
2024-01-01 13:22:00,50.48060388470492,27.87477969926861,72.44860017197536,87.82717307779521
2024-01-01 13:23:00,47.68862355647479,25.45885682216152,62.97161782210593,101.5946250680413
2024-01-01 13:24:00,47.827518862838424,24.590580971232164,69.33175027037649,91.07212484508116
2024-01-01 13:25:00,48.454139382656805,25.24759217098353,57.566275665734835,105.13614464231097
2024-01-01 13:26:00,51.110668858168566,30.80137995303445,69.43580175492268,100.34713748752561
2024-01-01 13:27:00,47.60625689168261,31.526175069689803,64.16860760099469,80.31495786561946
2024-01-01 13:28:00,76.41917449810757,25.2564278939036,58.18791415464481,106.5497558422169
2024-01-01 13:29:00,45.52696348890248,32.685114942228346,66.15321807783126,108.1079864559171
2024-01-01 13:30:00,49.06564177919321,28.550816844949683,69.18263858943327,90.06137325165147
2024-01-01 13:31:00,47.801344708629124,30.44037903595665,65.55109511016917,104.20191542894992
2024-01-01 13:32:00,57.23488942176866,34.83666188476627,82.17195946297332,91.43501762590802
2024-01-01 13:33:00,50.98277388255787,32.6905179475966,67.75130063717462,100.97670376748336
2024-01-01 13:34:00,55.159222697343175,29.1944080562825,82.82789930435442,87.35501593045035
2024-01-01 13:35:00,42.57219813481514,27.32642332375414,75.69906233482787,82.06893547465424
2024-01-01 13:36:00,75.69984306601273,23.544553796012085,49.94996877144112,96.17182810387031
2024-01-01 13:37:00,54.44815397811718,27.842540042272738,72.58113203122264,98.76271053725164
2024-01-01 13:38:00,75.75714126605669,29.366609283516915,51.60439299333939,96.02320306385396
2024-01-01 13:39:00,55.32740187532676,27.038461418546447,56.50629194458073,88.1596944177744
2024-01-01 13:40:00,47.41355774949814,29.606229098723087,68.0478162409447,96.00100937868864
2024-01-01 13:41:00,57.0467372009279,30.230555648876305,75.91610579829025,102.69294752580734
2024-01-01 13:42:00,61.49449061809625,29.325432054575764,69.65771971568127,99.55106969877463
2024-01-01 13:43:00,62.102511135167454,28.04999225752962,26.00555964908304,101.82501030599214
2024-01-01 13:44:00,47.77248739299614,30.505964015900183,69.63316884595771,93.29884799545768
2024-01-01 13:45:00,57.2669223855885,31.325821948708228,81.92873861378844,111.7171791471616
2024-01-01 13:46:00,69.85838669650822,26.72880276767146,57.07725879912235,88.23826663445219
2024-01-01 13:47:00,47.38569986423366,34.23279713923881,69.56597193443778,104.87560297086719
2024-01-01 13:48:00,47.89906591452071,29.704235603147215,76.6601449394066,111.81891092959961
2024-01-01 13:49:00,48.59107695569747,30.056548868834543,67.43445085742364,104.80908092748895
2024-01-01 13:50:00,43.27774744482861,32.12464326976967,58.07289889221297,97.9747577293517
2024-01-01 13:51:00,45.40674026757901,30.699648393790504,63.52873808309312,94.71702953337021
2024-01-01 13:52:00,44.97929616623966,32.85940990173974,80.94022137955739,110.36087651046256
2024-01-01 13:53:00,46.16101217447936,30.861372495605472,68.08204842719488,85.77025074738327
2024-01-01 13:54:00,49.82657556306609,28.162687876078685,68.29631214437488,90.29875739620357
2024-01-01 13:55:00,51.1710736626826,31.084510575618303,67.90113262607584,96.02442234508278
2024-01-01 13:56:00,57.75250246407038,26.568821378038017,83.32895612701105,112.37653757511998
2024-01-01 13:57:00,45.00822979630605,30.32567911732957,81.38171240753445,103.79767636040896
2024-01-01 13:58:00,54.92161199238292,29.900310028066617,85.53146163413693,90.31954241489754
2024-01-01 13:59:00,48.93005577887246,29.37564942818238,68.88668352719964,96.89692294615097
2024-01-01 14:00:00,49.752681451737836,29.61438746568321,72.06937142122966,93.85676855903705
2024-01-01 14:01:00,53.37409746083302,24.354452863507085,59.38350215405446,92.90211007766464
2024-01-01 14:02:00,44.386389892188504,28.353825276777116,80.33854098282792,109.78889558556779
2024-01-01 14:03:00,51.912048730920255,30.278534703423343,61.825543141124456,86.28256870736494
2024-01-01 14:04:00,50.83226104106528,30.4795691759922,71.5174289463384,116.08780855734373
2024-01-01 14:05:00,52.462256320040744,26.916974577222128,62.31888230657009,108.28229690184622
2024-01-01 14:06:00,51.44584321953909,33.797123522594106,65.87793221282912,110.90861670603698
2024-01-01 14:07:00,62.276500699554475,27.401475455356497,64.1391629826521,95.37060487974742
2024-01-01 14:08:00,46.81130007874342,32.908371601580214,65.74487317526928,98.50059280920891
2024-01-01 14:09:00,47.34501522499091,31.281583085615054,66.22614107795715,85.66848185475288
2024-01-01 14:10:00,46.88429736787618,28.06131807046859,66.16211843552446,94.75337592933197
2024-01-01 14:11:00,47.22261440419873,35.32593267782853,75.83333738246215,104.93654847643151
2024-01-01 14:12:00,46.81306436346741,26.41908950473056,62.26596044856236,112.96063061781396
2024-01-01 14:13:00,55.94508265553776,32.75746252083,71.54378998909706,88.92843183197549
2024-01-01 14:14:00,57.102521239949276,33.00174695412893,78.5257140661389,96.34494063014733
2024-01-01 14:15:00,47.146268531252616,27.988139372770064,66.40762544840622,98.48700779767478
2024-01-01 14:16:00,45.838222134478855,34.177395900192984,64.97456776476679,86.04210797807515
2024-01-01 14:17:00,52.35707778193202,29.24986045620314,68.38632762373824,105.913492417584
2024-01-01 14:18:00,47.23888477859514,30.866080887839573,78.25807645852497,92.7600966825739
2024-01-01 14:19:00,53.164659088777555,30.780965516313664,71.35875341667351,98.04609648822976
2024-01-01 14:20:00,51.0146151042565,29.597073775588356,66.28149993774682,95.48050628088123
2024-01-01 14:21:00,42.42127942501384,32.432424819479344,73.38713655831627,92.10661494280326
2024-01-01 14:22:00,57.737526006650306,32.38046616165664,62.283954951145034,99.92955014519445
2024-01-01 14:23:00,58.97938836547761,24.754404080285457,74.76951657310063,97.84390421431978
2024-01-01 14:24:00,46.93605654757807,33.91302072863446,72.86025115391237,96.28142117721335
2024-01-01 14:25:00,62.127086052349725,25.012524035892977,39.645823697110146,92.71538378319657
2024-01-01 14:26:00,51.429326953624525,33.09763861302497,64.12989941086938,103.19524670782955
2024-01-01 14:27:00,51.67228394993513,33.38011541048275,63.7932335440158,116.53617268492285
2024-01-01 14:28:00,53.29272136336415,26.727100709354406,73.74372135442137,101.39887232839128
2024-01-01 14:29:00,60.05102269383175,28.767557136136247,78.60286351742343,109.9611821491113
2024-01-01 14:30:00,49.11526386252975,26.682885994542193,65.53884577079843,86.09778074846537
2024-01-01 14:31:00,46.00851377730773,29.355236909133794,73.2087069248604,101.57761439293769
2024-01-01 14:32:00,43.10340385992736,29.075897147442777,55.39081086978552,89.02631681028933
2024-01-01 14:33:00,46.34534980029041,32.33898159680802,65.9076758853996,85.23075072468099
2024-01-01 14:34:00,49.83436513563102,33.93092623835882,69.78258746990369,92.60628592540964
2024-01-01 14:35:00,58.97278931758894,34.18705143236987,63.63221608112716,111.91899334413573
2024-01-01 14:36:00,47.41194350481914,28.313495920265094,63.44445537647283,109.50015828669646
2024-01-01 14:37:00,51.11893975819449,29.372334378766418,65.3255431047178,102.430047220544
2024-01-01 14:38:00,49.917885519636236,24.94968542333715,72.04534909828462,84.6729944011007
2024-01-01 14:39:00,55.94196636724042,27.582389800511432,68.68869687115537,98.03719348612063
2024-01-01 14:40:00,62.63466212936811,32.89455489929237,54.332381366725194,103.01700008901736
2024-01-01 14:41:00,47.3456561353984,34.8467484706447,55.155098931554534,101.75536229578599
2024-01-01 14:42:00,47.552802787408886,26.296953384360233,65.75194375499977,81.56206416519254
2024-01-01 14:43:00,55.22080438534536,28.222607222541317,73.20380610237487,91.09682151980128
2024-01-01 14:44:00,53.409457448131555,29.920782729123218,50.76746610092336,99.35922235851284
2024-01-01 14:45:00,59.23353662868017,30.84048347645882,66.50188876693859,105.3629090951719
2024-01-01 14:46:00,52.91964092662982,27.571189440235063,66.31626500437805,78.03872178900053
2024-01-01 14:47:00,48.203539546064704,31.272183133392268,79.71836444745914,98.37876024520142
2024-01-01 14:48:00,52.95327415346155,28.57848195878725,67.30484731800995,101.43048769878952
2024-01-01 14:49:00,55.54351790291454,29.956643187365163,72.6809228931865,108.49611988516213
2024-01-01 14:50:00,54.10241090598682,31.6388527440111,70.98879998061224,106.92857584237437
2024-01-01 14:51:00,52.53637015553649,30.019266809432814,55.0860346413496,105.82571318808806
2024-01-01 14:52:00,55.33337344794577,28.690842328420295,75.37745051642216,92.00059493298066
2024-01-01 14:53:00,55.84647795222836,29.67117058822251,71.50777553819401,80.91997862876693
2024-01-01 14:54:00,56.91079495518763,29.734911122383995,73.55788047772212,96.069472429386
2024-01-01 14:55:00,53.24354943794821,28.889966910353618,97.48366394505429,110.0163182520856
2024-01-01 14:56:00,49.16440959841573,29.223611811998694,55.41120942350988,113.93454527524432
2024-01-01 14:57:00,50.733568432166614,34.79594151151415,82.07287654832776,107.10549102297786
2024-01-01 14:58:00,56.03254483254179,31.682758343823718,67.98786736419751,104.29340822801734
2024-01-01 14:59:00,45.91532164506382,29.11355904591252,72.01130233082107,103.79639648385965
2024-01-01 15:00:00,51.84336654436451,32.09086321353221,69.68141428289131,94.43881253239219
2024-01-01 15:01:00,48.0333059383632,28.99854153073197,67.03034566621369,98.6993970644638
2024-01-01 15:02:00,50.143724114674086,33.519373912759924,66.01116950232868,116.6906952582633
2024-01-01 15:03:00,56.39225931303649,31.108926576594282,72.30656114901106,90.57441994208124
2024-01-01 15:04:00,50.95549534009952,29.678093567987315,59.37978412329825,116.14778790709852
2024-01-01 15:05:00,50.23218274078074,31.343150777430832,75.25405417265236,96.77971845507942
2024-01-01 15:06:00,43.200719295100406,25.287371543794503,67.08663916580322,113.25432109095078
2024-01-01 15:07:00,53.731267830136105,26.619697593270583,62.089514626717495,85.93184990502462
2024-01-01 15:08:00,53.22742090570538,26.418224980802833,66.8499099940293,105.8590420116465
2024-01-01 15:09:00,60.8162736165273,30.42882928429112,78.800044518038,92.63229864052379
2024-01-01 15:10:00,48.461108825234994,35.19754499845528,66.25265439088643,85.84732808075813
2024-01-01 15:11:00,51.0957516383197,36.6939004385779,72.50917532746735,102.18534042410946
2024-01-01 15:12:00,51.246918418553776,31.914153304322273,64.88330606999169,110.09471788595968
2024-01-01 15:13:00,57.887266398817374,31.50253342483337,75.30545294946533,91.55058561406504
2024-01-01 15:14:00,49.52352233806524,24.596826797541784,74.79855417153144,85.00984039541599
2024-01-01 15:15:00,51.3951076288517,28.371978600797934,82.94026183307489,99.08155235665045
2024-01-01 15:16:00,53.0394825485827,27.636648744275284,68.7710523815055,99.12564671222819
2024-01-01 15:17:00,50.93304561578179,28.13745720524665,74.68058363330535,105.48319627554498
2024-01-01 15:18:00,47.76783192724736,29.495568544245632,70.68647277677262,109.49594571364489
2024-01-01 15:19:00,50.970449964491536,28.58372826690862,79.0711024730411,99.40584818727505
2024-01-01 15:20:00,55.36815874929886,24.062100568872637,64.96817328673889,118.55503314794262
2024-01-01 15:21:00,63.34281244115806,32.2437307683526,57.6001115042131,102.24234744535292
2024-01-01 15:22:00,50.66484837073438,26.78177092278058,68.63711892718322,96.535734939931
2024-01-01 15:23:00,46.499395925304135,30.71774059233345,69.55068276024052,83.88432640897172
2024-01-01 15:24:00,55.97523314462421,36.222248009249924,70.64226739113862,97.37340479683833
2024-01-01 15:25:00,42.384065476081126,27.241846225240728,71.76568277498674,96.63613054588863
2024-01-01 15:26:00,47.20539076364206,22.40913743176101,69.1863966981463,109.6030479628147
2024-01-01 15:27:00,51.8860593753226,29.14198733435967,71.50299228219369,104.62483624066854
2024-01-01 15:28:00,57.827620146171704,33.302878904995715,81.0468264029353,88.20630878367383
2024-01-01 15:29:00,49.67124869463506,35.87504236266178,76.89814779930653,101.72254386411038
2024-01-01 15:30:00,47.22400236653401,26.31135121664275,76.08408214747827,106.71531171729053
2024-01-01 15:31:00,59.40578534720295,31.490097669709566,66.81122331783291,115.28031359387833
2024-01-01 15:32:00,42.75993049791878,28.60406862965984,63.77531420240173,108.8750396741406
2024-01-01 15:33:00,39.00597021689959,29.682154937087592,76.68710390766427,107.60846654311477
2024-01-01 15:34:00,52.200072250266665,37.933030041051104,76.13232754770856,100.60085994615163
2024-01-01 15:35:00,47.489728878236946,25.49108901481454,80.30869473025687,103.8831200542345
2024-01-01 15:36:00,44.89383591434643,30.76121898448372,65.77213561821539,112.49504900706158
2024-01-01 15:37:00,53.541782236496765,31.403079515296298,68.39315941247757,86.6722260252035
2024-01-01 15:38:00,67.78731933418187,33.25735897481804,39.79089892844758,96.50560672783044
2024-01-01 15:39:00,47.17960684631636,30.293949460412687,67.25270225757389,92.27431251243759
2024-01-01 15:40:00,43.59847800664553,30.924151618512308,76.97599357405613,103.79153118726124
2024-01-01 15:41:00,54.36228664140072,28.825054297734628,66.73453234540261,112.30222175650788
2024-01-01 15:42:00,77.54444844712144,30.807380823735322,47.4069956708394,94.03025713278926
2024-01-01 15:43:00,49.50412068110309,28.97042317350777,68.66647825801532,76.09695632530563
2024-01-01 15:44:00,59.23318498023833,31.864715669568152,72.26839919755092,95.8777925497553
2024-01-01 15:45:00,44.64957616836924,28.891168991869097,61.96616027129033,109.13473732017407
2024-01-01 15:46:00,42.372374145376305,31.131301181706558,70.59646614743731,105.3762990294988
2024-01-01 15:47:00,59.70822151612346,29.912211558945064,24.12034998313901,104.28186247810577
2024-01-01 15:48:00,49.77206991822251,33.37815075231651,68.6917268928661,97.2000669812552
2024-01-01 15:49:00,70.35597587807109,29.845818829234542,27.582892486309483,87.20969263780214
2024-01-01 15:50:00,48.79381971071835,24.680902595379358,78.44196161582771,105.15294321624468
2024-01-01 15:51:00,51.76027698257148,33.78576450214197,75.44185146935158,91.65718189965375
2024-01-01 15:52:00,43.74230287904778,27.282803097412142,73.26669687376257,121.84096733380457
2024-01-01 15:53:00,57.2188230203663,28.03870098405354,80.64704359011566,105.70507208354516
2024-01-01 15:54:00,49.58924410803716,28.213016117869522,63.35758435422614,94.1935169744605
2024-01-01 15:55:00,55.58647915794064,34.12331427951245,82.23154238540891,93.88614752611372
2024-01-01 15:56:00,51.71362673188852,23.592977358063912,76.52534094982269,99.07055793386412
2024-01-01 15:57:00,52.28376609576892,39.41324560097998,68.34411298946738,97.60498077978251
2024-01-01 15:58:00,52.84883640116102,33.168170427198156,77.9493410302806,111.16833775529955
2024-01-01 15:59:00,52.23854280008658,30.66971674238748,62.25594541311856,101.86416169744047
2024-01-01 16:00:00,53.21361379933772,29.83531799815114,64.22840086930628,92.68368261091472
2024-01-01 16:01:00,56.64576265066216,30.856662224572972,65.73987193732209,118.90440685155782
2024-01-01 16:02:00,50.98260584850735,31.563367285138014,66.2971560435519,100.49308331520223
2024-01-01 16:03:00,53.54501878794256,31.935646757850172,62.60409650067823,107.68839675968897
2024-01-01 16:04:00,49.55132152856387,31.666813398010344,78.56158146966727,93.91773492555241
2024-01-01 16:05:00,57.200586077247365,30.268742043765748,68.18801919741118,103.63115627744523
2024-01-01 16:06:00,46.61803848970365,29.40798473907802,72.46753477849816,103.11109991143195
2024-01-01 16:07:00,59.004702164554075,29.546180149039465,66.00754043510423,81.10350707903848
2024-01-01 16:08:00,49.79921024677828,29.415275158941956,57.255776896160384,120.15275110460641
2024-01-01 16:09:00,42.84612448940976,33.401310290601195,71.89040150873996,112.90644460922547
2024-01-01 16:10:00,50.64052207455395,31.780670166842587,56.61421517206156,96.02804683854012
2024-01-01 16:11:00,46.5947417126256,21.178834096007158,69.51956167740173,88.97730259544144
2024-01-01 16:12:00,54.20321774494362,31.967702329589283,60.421794728170326,103.47561613803552
2024-01-01 16:13:00,64.76451663634793,30.584208584156325,64.767012861502,100.86697699414397
2024-01-01 16:14:00,47.7690828339261,29.943873730662308,76.37953905522305,103.55668948563229
2024-01-01 16:15:00,40.552296345272346,28.83444464073334,70.74027653890036,101.9157739619409
2024-01-01 16:16:00,47.73846840375462,33.37233815995804,78.84594674358269,105.06240989305925
2024-01-01 16:17:00,37.88060336685522,32.84257938636857,64.07578815773985,114.47305699391806
2024-01-01 16:18:00,42.08048588257138,27.68136699652917,73.80435565069065,105.68103205128646
2024-01-01 16:19:00,53.80207328072149,31.221156861373604,71.398673036031,89.50344501090059
2024-01-01 16:20:00,53.92900079325416,27.08502979637614,71.84814056933568,113.62562852712452
2024-01-01 16:21:00,52.12728780892483,25.86114550563321,78.90647450074738,116.40614563488288
2024-01-01 16:22:00,45.165119284353935,28.119848326230105,75.12744471945862,131.52056734512084
2024-01-01 16:23:00,49.7614432192901,32.587180417148275,72.02106563977516,88.76505966760402
2024-01-01 16:24:00,65.73533987540011,32.85937513612826,33.371970521975086,102.42882013150275
2024-01-01 16:25:00,44.20817655403729,31.53925626029188,63.279675933043755,79.17901296811013
2024-01-01 16:26:00,57.51699150883575,32.17528736054399,69.14103746482994,105.53149156379209
2024-01-01 16:27:00,54.386811452878355,31.548534861344876,70.65360661993655,94.51799701833227
2024-01-01 16:28:00,48.89517913085168,28.075555214331143,62.08857392728253,119.23445794824953
2024-01-01 16:29:00,50.134429194972654,31.29576763402182,86.88173672904895,92.25385029981418
2024-01-01 16:30:00,51.04191403973776,32.40122857568305,80.61475838677501,83.10816962032739
2024-01-01 16:31:00,39.791325657878545,32.26287398944072,74.21482824274739,95.2873625929748
2024-01-01 16:32:00,48.764113087397014,33.56674011442393,70.50425802898621,80.24512228782862
2024-01-01 16:33:00,46.59007876001101,32.12491154160319,68.51453721069194,107.5109945450731
2024-01-01 16:34:00,44.99189995052542,31.054344622624747,63.33657077984435,79.3491695374368
2024-01-01 16:35:00,48.594498535570224,33.21045071494928,70.54236362963204,100.28457581183159
2024-01-01 16:36:00,58.988432634247616,29.92043622225282,71.80426778099925,79.22188180143803
2024-01-01 16:37:00,53.20421430633505,27.354376046316847,61.307675971628626,96.79702195463358
2024-01-01 16:38:00,47.144105051086015,29.510799108168708,72.33923492071428,116.43378155804534
2024-01-01 16:39:00,52.86291390678079,27.765292065580653,68.91318665822676,103.60647891435795
